dataset,model,grouping,n_runs,success_rate,original_ugf,original_ugf_ndcg,epsilon,baseline_f1,baseline_ndcg,baseline_g1_f1,baseline_g2_f1,baseline_g1_ndcg,baseline_g2_ndcg,final_ugf_mean,final_ugf_std,final_ugf_median,final_ugf_min,final_ugf_max,final_ugf_ci_95_lower,final_ugf_ci_95_upper,final_ugf_q1,final_ugf_q3,final_ugf_iqr,final_ugf_cv_percent,final_f1_mean,final_f1_std,final_f1_median,final_f1_min,final_f1_max,final_f1_ci_95_lower,final_f1_ci_95_upper,final_f1_q1,final_f1_q3,final_f1_iqr,final_f1_cv_percent,final_ndcg_mean,final_ndcg_std,final_ndcg_median,final_ndcg_min,final_ndcg_max,final_ndcg_ci_95_lower,final_ndcg_ci_95_upper,final_ndcg_q1,final_ndcg_q3,final_ndcg_iqr,final_ndcg_cv_percent,cpu_time_mean,cpu_time_std,cpu_time_median,cpu_time_min,cpu_time_max,cpu_time_ci_95_lower,cpu_time_ci_95_upper,cpu_time_q1,cpu_time_q3,cpu_time_iqr,cpu_time_cv_percent,ugf_reduction_pct_mean,ugf_reduction_pct_std,ugf_reduction_pct_median,ugf_reduction_pct_min,ugf_reduction_pct_max,ugf_reduction_pct_ci_95_lower,ugf_reduction_pct_ci_95_upper,ugf_reduction_pct_q1,ugf_reduction_pct_q3,ugf_reduction_pct_iqr,ugf_reduction_pct_cv_percent,final_ugf_ndcg_mean,final_ugf_ndcg_std,final_ugf_ndcg_median,final_ugf_ndcg_min,final_ugf_ndcg_max,final_ugf_ndcg_ci_95_lower,final_ugf_ndcg_ci_95_upper,final_ugf_ndcg_q1,final_ugf_ndcg_q3,final_ugf_ndcg_iqr,final_ugf_ndcg_cv_percent,ugf_ndcg_reduction_pct_mean,ugf_ndcg_reduction_pct_std,ugf_ndcg_reduction_pct_median,ugf_ndcg_reduction_pct_min,ugf_ndcg_reduction_pct_max,ugf_ndcg_reduction_pct_ci_95_lower,ugf_ndcg_reduction_pct_ci_95_upper,ugf_ndcg_reduction_pct_q1,ugf_ndcg_reduction_pct_q3,ugf_ndcg_reduction_pct_iqr,ugf_ndcg_reduction_pct_cv_percent,final_g1_f1_mean,final_g1_f1_std,final_g1_f1_median,final_g1_f1_min,final_g1_f1_max,final_g1_f1_ci_95_lower,final_g1_f1_ci_95_upper,final_g1_f1_q1,final_g1_f1_q3,final_g1_f1_iqr,final_g1_f1_cv_percent,final_g2_f1_mean,final_g2_f1_std,final_g2_f1_median,final_g2_f1_min,final_g2_f1_max,final_g2_f1_ci_95_lower,final_g2_f1_ci_95_upper,final_g2_f1_q1,final_g2_f1_q3,final_g2_f1_iqr,final_g2_f1_cv_percent,final_g1_ndcg_mean,final_g1_ndcg_std,final_g1_ndcg_median,final_g1_ndcg_min,final_g1_ndcg_max,final_g1_ndcg_ci_95_lower,final_g1_ndcg_ci_95_upper,final_g1_ndcg_q1,final_g1_ndcg_q3,final_g1_ndcg_iqr,final_g1_ndcg_cv_percent,final_g2_ndcg_mean,final_g2_ndcg_std,final_g2_ndcg_median,final_g2_ndcg_min,final_g2_ndcg_max,final_g2_ndcg_ci_95_lower,final_g2_ndcg_ci_95_upper,final_g2_ndcg_q1,final_g2_ndcg_q3,final_g2_ndcg_iqr,final_g2_ndcg_cv_percent
5Beauty-rand,biasedMF,0.05_count,30,100.0,0.17906931042671204,0.2678780785553523,0.08953465521335602,0.1427162485830327,0.43246612215101154,0.30676892629900515,0.12769961568186589,0.6778801237851304,0.4100020452297781,0.08428992607059863,0.0021254200773268804,0.0842499509400363,0.08033002039555112,0.08877181389040208,0.08352935426385477,0.08505049787734248,0.08244254326117233,0.08588144912541294,0.0034389058642406156,2.521558834381578,0.13016338618909845,0.00039489045653413115,0.13023842578800818,0.1293134884335269,0.13095174880792432,0.13002207645405078,0.13030469592414612,0.12991987865414723,0.13040424908390996,0.00048437042976273714,0.3033805958001455,0.4192590123888346,0.0006345485769050762,0.4193499098541574,0.4179649774896642,0.42052343885359167,0.4190319420968242,0.41948608268084503,0.418728690554989,0.41977567943890426,0.0010469888839152452,0.15135001470560516,6.356262146658264,0.07967446779040188,6.342181900050491,6.245930599980056,6.624491299968213,6.327751004524464,6.384773288792065,6.32283889997052,6.3678907251451164,0.04505182517459616,1.2534798904146813,52.928882191068645,1.186925929553269,52.95120602225282,50.42600338446389,55.14026373132882,52.50414620200863,53.35361818012866,52.04010730774453,53.9605401591616,1.9204328514170754,2.2424919635910125,0.1610845606254933,0.005517583914208993,0.16134707464178039,0.1498787808269751,0.16987318712079696,0.15911011857930324,0.16305900267168338,0.15726837050342202,0.16417902107104196,0.0069106505676199415,3.4252717285779264,39.86646406670861,2.0597370057172784,39.76846649344588,36.5856332713333,44.04962823562837,39.1293966452764,40.60353148814082,38.71128912210811,41.29106369899347,2.579774576885356,5.166590651909128,0.20738481530337094,0.00202521514635873,0.2074138527837376,0.20341234689251586,0.21173530145823727,0.2066601013706559,0.20810952923608597,0.20579171207763,0.2088342464636169,0.0030425343859868947,0.9765493888239422,0.12309488923277234,0.00041666191416449646,0.12313242934838362,0.12201904075748211,0.12374582842680808,0.12294578868166811,0.12324398978387657,0.12287395380294133,0.12343544439951791,0.0005614905965765776,0.3384883944097704,0.5668351292468159,0.005337280201401683,0.5674561261657916,0.5563939711287892,0.575281752163055,0.5649252080556207,0.568745050438011,0.5628851162483269,0.5703539384937392,0.007468822245412232,0.9415930534322411,0.40575056862132264,0.0006204597351941113,0.4057507221025595,0.4044360509710928,0.40673000378063767,0.4055285399565695,0.40597259728607576,0.40540481592255717,0.40636254591402143,0.0009577299914642623,0.15291654114061676
5Beauty-rand,biasedMF,sum_0.05,30,100.0,0.16750548779964447,0.24546618433740552,0.08375274389982224,0.1427162485830327,0.43246612215101154,0.2975891189782004,0.13008365342711867,0.6594202243841123,0.4139540400467068,0.07714936739792168,0.004014541174776918,0.07688167647229636,0.06970467555625817,0.0832363444268795,0.07571278228840872,0.07858595250743464,0.07398577329901936,0.08130268512971026,0.0073169118306909,5.203595713326698,0.131329313321273,0.000566512293037856,0.13137037395590187,0.1301376347327608,0.13252579776184065,0.1311265895007658,0.13153203714178022,0.13093913883990765,0.1317146786058291,0.0007755397659214569,0.4313677416800223,0.42100849840078397,0.0009700270007340956,0.4210780162543583,0.41843495179587986,0.42329661153340614,0.42066137869658576,0.4213556181049822,0.4202999483800969,0.42169147739463914,0.0013915290145422587,0.2304055629325247,6.1959369500012444,0.23860796401310036,6.286404600017704,5.671002400107682,6.547054500086233,6.110552186664878,6.2813217133376105,6.250433300039731,6.3122229999280535,0.0617896998883225,3.8510392526355908,53.94218517174729,2.396662478054907,54.10199541387232,50.308288092364116,58.38663170269809,53.08455051846878,54.7998198250258,51.462673732243644,55.830836188773276,4.368162456529632,4.443020746052722,0.14635119206917271,0.009626302798681447,0.14509781087982096,0.12757065505291915,0.17260872958150159,0.1429064638528736,0.14979592028547184,0.14035400892082425,0.15024099167423627,0.009886982753412016,6.577536310146067,40.37826739181079,3.921641111041842,40.888879960599056,29.68125933621787,48.029234496281205,38.974926143158726,41.78160864046285,38.79360936017055,42.82144838007476,4.027839019904214,9.71225702427539,0.20266038266147787,0.004153729273722576,0.20219401862772163,0.19458546124305148,0.20915890578686064,0.20117398973043277,0.20414677559252298,0.19947294222101192,0.20716446689562887,0.007691524674616951,2.0496010217551643,0.12551101526355615,0.00039400134312981997,0.1255195558013722,0.12465568466064744,0.12631923380269508,0.12537002369365405,0.12565200683345826,0.12522715072129662,0.12576206186823824,0.0005349111469416246,0.3139177404488924,0.5563224663775197,0.009718326536403187,0.5546382099869973,0.5363847360685149,0.5828878781085153,0.5528448078895961,0.5598001248654433,0.5499534862564291,0.5608765359246188,0.010923049668189688,1.7468873043513478,0.40997127430834696,0.0005499700568561811,0.4099590516515974,0.40881408101559574,0.4110288793175889,0.4097744700510332,0.41016807856566073,0.4096317494014103,0.4103984993684433,0.0007667499670330202,0.13414843705428456
5Beauty-rand,biasedMF,max_0.05,30,100.0,0.07454326748847961,0.10959180784504047,0.03727163374423981,0.1427162485830327,0.43246612215101154,0.21309819621765005,0.13855492662269456,0.5359400497482879,0.42634824190324744,0.033769923021540915,0.003344510310885451,0.03579491696207811,0.02701029879409403,0.037206953287246214,0.032573105377368274,0.03496674066571356,0.03044248728911117,0.03644947516700245,0.006006987877891279,9.903813842726496,0.13703599293695037,0.000649031955207976,0.13726014054833924,0.13572379745791785,0.13782872623641212,0.13680373983457644,0.1372682460393243,0.13632415359898933,0.13755395571736959,0.001229802118380252,0.47362152183375106,0.42638184365995185,0.0008008713240019212,0.42661064500728724,0.4243640216365061,0.42756844757865564,0.4260952555372728,0.4266684317826309,0.42604043488655563,0.4269448211068016,0.0009043862202459674,0.18782960295106568,4.671913296667238,0.27516908967622866,4.471380149945617,4.3973981000017375,5.045172299956903,4.573445302538601,4.770381290795876,4.425886924902443,4.957915199920535,0.5320282750180922,5.889858655393361,54.6975546426645,4.4866698543934,51.98101965732844,50.086769012377395,63.76560928420749,53.09202045494244,56.30308883038656,51.10292801072132,59.16131890272191,8.058390892000588,8.202688189087276,0.04705577005933922,0.0064398996166077525,0.04775410986802445,0.03130560311456454,0.05845742196200765,0.04475128157779039,0.04936025854088805,0.042568950145632445,0.052262102028125756,0.009693151882493312,13.685674697251326,57.06269384124526,5.8762600446500315,56.425474853423964,46.658949139095604,71.43435834288844,54.95990119016746,59.16548649232307,52.31203585762286,61.15681364995487,8.84477779233201,10.297901569453483,0.16892073540453856,0.003741647770240613,0.17135597827854693,0.16166192125435308,0.17288023717955717,0.16758180394568542,0.1702596668633917,0.16511931787399153,0.17173151211458448,0.00661219424059295,2.215031660429346,0.13515081238299764,0.0004927887941489303,0.1352212032171708,0.1340271477617277,0.13580229297637156,0.1349744701777521,0.13532715458824318,0.13469094421405334,0.1355244987041238,0.0008335544900704706,0.3646214073448844,0.47081076074688266,0.006702901911439678,0.47162736146112194,0.4548088390641352,0.4827625279260943,0.46841215810282455,0.4732093633909408,0.4664607692713104,0.4762382907797792,0.009777521508468778,1.42369343912326,0.4237549906875434,0.0005814323428882854,0.42388328875124515,0.4224719053548739,0.4246600809509832,0.42354692779576625,0.42396305357932057,0.4233944553594895,0.4242652284671493,0.0008707731076598169,0.13720955638655963
5Beauty-rand,NCF,0.05_count,30,100.0,0.18186533451080322,0.29064004431304624,0.09093266725540161,0.12439576125345435,0.3513127927164169,0.2910099643222957,0.1091446580197907,0.6175799568481166,0.3269399125350704,0.08475745952350594,0.0025275373041033014,0.084873833961919,0.07778319510147112,0.08878030393278338,0.08385299191519574,0.08566192713181614,0.08320630086242838,0.0863675162171221,0.0031612153546937277,2.98208242473612,0.11070497672005032,0.0004202060072121734,0.1107022624857387,0.10958024546944117,0.11146363204175799,0.11055460793153679,0.11085534550856385,0.11053771016407396,0.11097057091285738,0.0004328607487834174,0.3795728246931358,0.3375792438314314,0.000707475368076665,0.33766946928410435,0.3357334422306435,0.33865539396604416,0.3373260770223545,0.3378324106405083,0.3371803482827749,0.33806380852949847,0.0008834602467235886,0.20957312423803506,6.605637336662039,0.06845335915838575,6.588962700101547,6.527318599866703,6.79932209989056,6.581141616682646,6.630133056641433,6.562637525086757,6.612086300039664,0.049448774952907115,1.0362869723177477,53.395483668455164,1.3897850906562736,53.331494322312814,51.183492900616734,57.230334571072085,52.89815546088712,53.89281187602321,52.510182080911264,54.24839973695717,1.7382176560459044,2.602813937009671,0.1922180090922057,0.008470606429766377,0.19218110855446605,0.17395350456038333,0.20982810254272233,0.1891868415102159,0.19524917667419553,0.1865576504969681,0.19663390313145268,0.010076252634484584,4.406770452867963,33.86389355034328,2.9144663977007763,33.876589852336664,27.804820206840446,40.14812894364299,32.82096514412374,34.906821956562816,32.34452478968805,35.811443004038274,3.4669182143502226,8.606412589172672,0.18835473224383942,0.002496993706719024,0.18844279346137405,0.18185632243536318,0.19255864599594383,0.18746119452148202,0.1892482699661968,0.18657537646954372,0.19013918266971835,0.0035638062001746296,1.3256867385134117,0.10359727272033344,0.0003971714120415442,0.10358540064453584,0.10258440249802767,0.10425831854449485,0.10345514675584017,0.1037393986848267,0.10338094465575735,0.10387511516192177,0.000494170506164418,0.3833801813622357,0.5136779789420546,0.008255372871679729,0.5141815980599452,0.495104896734323,0.530887451841072,0.5107238316996636,0.5166321261844455,0.5085618613877028,0.5183527330272776,0.009790871639574816,1.607110526459024,0.3214599698498489,0.0005701705568074546,0.32147038376448317,0.32029949166616867,0.3226328687367767,0.3212559369364643,0.32166400276323354,0.321060085317892,0.3219082854015277,0.0008482000836357306,0.17736906933506408
5Beauty-rand,NCF,sum_0.05,30,100.0,0.17133155465126038,0.2689193498061014,0.08566577732563019,0.12439576125345435,0.3513127927164169,0.28280619132515533,0.11147461614608979,0.599951316075956,0.3310319662698546,0.08123200109117722,0.0035897602225693046,0.08211770941832908,0.07476668475979192,0.08554334241260148,0.07994742189321905,0.08251658028913539,0.07752491472375167,0.08438076056031907,0.006855845836567398,4.4191453790976425,0.11209798845556097,0.0007429472544429505,0.11218748521792625,0.11064830235651191,0.11337436218689564,0.11183212819496828,0.11236384871615367,0.11150625420244954,0.11267495962265617,0.0011687054202066255,0.6627659110381603,0.3394551834622776,0.0009747872535479536,0.3393535083744712,0.33773615143565605,0.34140174986432215,0.33910636032348696,0.33980400660106824,0.33872355697512896,0.3400970554443198,0.0013734984691908259,0.28716228269240085,6.286307976666527,0.2707934486700078,6.108705200138502,5.963166799861938,6.5998140999581665,6.189405785562556,6.383210167770498,6.032766750024166,6.56871759990463,0.5359508498804644,4.307670729387376,52.587834006104565,2.095212542649334,52.07087825387628,50.071460807834214,56.361404113809044,51.83807182681839,53.33759618539074,50.75001757144311,54.75152555432592,4.0015079828828135,3.9842153270775804,0.1809521724002958,0.007538747085489872,0.18014740053515,0.1682887084883849,0.19317355774592737,0.17825446640205037,0.18364987839854122,0.1749700798333601,0.1856997431854936,0.01072966335213349,4.166154506735034,32.71136029044861,2.8033486957801754,33.010621710545756,28.166731815612717,37.420379526528706,31.708194843190704,33.714525737706516,30.94593478699526,34.9358534595898,3.9899186725945412,8.56995450781888,0.18720379551412222,0.003962679884293696,0.1882889686233778,0.1801415131832968,0.19246636637344633,0.18578576872906646,0.18862182229917798,0.18333355644676974,0.19071431695160934,0.007380760504839601,2.11677325954364,0.1059717944229449,0.0005366487391777981,0.10600121589189125,0.10469757793077356,0.10692302396084485,0.1057797571379407,0.10616383170794909,0.10551234893349763,0.10635267096601238,0.0008403220325147454,0.5064071455051283,0.5067606636248266,0.007737021317360116,0.5056030240704532,0.4936640891633674,0.5192958052994765,0.5039920061039279,0.5095293211457254,0.5010920396957944,0.5121361593625323,0.011044119666737906,1.5267604359852434,0.32580849122453087,0.0006565510337039908,0.32588198780783306,0.32375703833514774,0.327021090079378,0.32557354745447303,0.3260434349945887,0.32545218130845,0.32614654426294376,0.0006943629544937657,0.20151440229086254
5Beauty-rand,NCF,max_0.05,30,100.0,0.08386494964361191,0.12488679863850982,0.041932474821805954,0.12439576125345435,0.3513127927164169,0.2035790131692412,0.11971406351472792,0.4692278797496455,0.3443410811111357,0.03901841376430298,0.0025738029489253728,0.03983427506076787,0.033032410366836906,0.04191370469831994,0.038097390207619146,0.03993943732098681,0.0370141221847625,0.041161049054410676,0.004146926869648175,6.5963802743823585,0.1173324052673981,0.0006543109878329803,0.11730493071872222,0.11608372574014118,0.11863023579722098,0.11709826308746049,0.11756654744733572,0.11676689221577904,0.11780573697688607,0.0010388447611070217,0.5576558209488838,0.34420564533721276,0.0008976595215266989,0.3441298802652101,0.3427092230367808,0.3456644915923492,0.3438844220028651,0.3445268686715604,0.34360153645433017,0.3448525676002247,0.0012510311458945322,0.260791632469385,5.217854536666224,0.28420915568410793,5.011611600057222,4.917695200070739,5.743757399963215,5.116151596462671,5.319557476869778,4.951587975025177,5.491733800037764,0.540145825012587,5.446858544770663,53.47470673968852,3.0689852672217315,52.501879235550106,50.02238136857624,60.612376794823454,52.376484466143054,54.57292901323399,50.91984287914497,55.86461049335178,4.94476761420681,5.739134357784058,0.06700971299944578,0.006039812996515668,0.0672027600639653,0.051810084636572495,0.07720297088350464,0.0648483936761935,0.06917103232269806,0.06337429199408257,0.07195828349703756,0.008583991502954996,9.013339598343933,46.34363781442723,4.836230139903069,46.189060175618266,38.18163991298076,58.51436244551436,44.61301508503187,48.0742605438226,42.381192983155984,49.254610827584614,6.87341784442863,10.435585914227698,0.15417264542948036,0.002937085788336372,0.15516765057724208,0.14786419483572727,0.1577487724709338,0.15312162277827523,0.1552236680806855,0.1518543974584959,0.15656263362455608,0.00470823616606017,1.905062847014463,0.11515423166517738,0.0005596447576567311,0.11510812315405355,0.11396841875638829,0.11633950441315223,0.11495396536064476,0.11535449796971001,0.11475392039043386,0.11556871467250336,0.0008147942820695003,0.4859958245251073,0.40747459150719545,0.0063435291426367935,0.40741636687804894,0.3917287287585597,0.41765110999455823,0.4052045887568613,0.4097445942575296,0.4034299070630031,0.41301061328307676,0.009580706220073676,1.5567913373869289,0.34046487850774965,0.0007146058150880535,0.34037057779162727,0.3392320301202289,0.34167389576816665,0.34020916010097957,0.3407205969145197,0.33989043018355525,0.3410196888857357,0.0011292587021804468,0.20989119882795418
5Grocery-rand,biasedMF,0.05_count,30,100.0,0.22619609534740448,0.2754760770180228,0.11309804767370224,0.15783644300728306,0.45077226310809587,0.3648427341006056,0.13864667062495395,0.7028778042577,0.4274017272396772,0.1048999880712361,0.003741616388631984,0.10486593348877989,0.09840076509703269,0.11293625400920332,0.1035610678421474,0.1062389083003248,0.10234446710641701,0.10613160240359334,0.003787135297176336,3.5668415768466106,0.14222532266697444,0.00061700894354336,0.1422547313285168,0.1411946884886257,0.14358298132953648,0.1420045288521545,0.14244611648179437,0.14185333286748755,0.14246414306485775,0.0006108101973701929,0.43382495604394444,0.4401211682757286,0.0008858894916680501,0.44018587822614397,0.4382931690378195,0.44172876214830037,0.4398041567924736,0.44043817975898364,0.4395421723708246,0.4406387088283139,0.0010965364574893055,0.2012830910039426,4.89119736670206,0.13228170860993865,4.916343349963427,4.553969000000507,5.143808300141245,4.843860965211414,4.9385337681927055,4.89197712513851,4.943396075046621,0.051418949908111244,2.704485194371352,53.62431526055968,1.6541472048336658,53.639370596684714,50.07152805367857,56.49758456444469,53.03238628537896,54.216244235740405,53.07982560857624,54.75409646252703,1.6742708539507873,3.0846961808205684,0.1927676856594527,0.00751247332229385,0.19264570448959248,0.1814097756788593,0.208956265068163,0.19007938160661897,0.19545598971228645,0.18727863177413645,0.1977720337496286,0.010493401975492145,3.8971642454459596,30.023801795739576,2.727087376738836,30.068081927495726,24.147219123317115,34.14681316701388,29.047926111021642,30.99967748045751,28.207183763296612,32.016371874685916,3.809188111389304,9.083084798161083,0.23822592114201294,0.003869281329485508,0.23751581331664556,0.23218681097645139,0.24693807386824937,0.23684131660055766,0.23961052568346822,0.23555591799405806,0.23987638981024845,0.0043204718161903855,1.6242066820171615,0.1333259330707769,0.00046456222167398333,0.13337714070708642,0.13228207473058734,0.13417592981576468,0.13315969161476887,0.1334921745267849,0.13303400591589895,0.13358518850285353,0.0005511825869545794,0.3484410054174289,0.6165350414344989,0.007476594812167858,0.6157790152832143,0.6052773264021355,0.6311794664116058,0.6138595763416246,0.6192105065273732,0.6110534319690755,0.621804875531608,0.010751443562532548,1.2126796223572276,0.42376735577504626,0.0006808487271502486,0.423880429216128,0.42174359212500656,0.4245860704018709,0.4235237171870551,0.4240109943630374,0.4233337357228554,0.4243688362440903,0.0010351005212348996,0.16066568551629354
5Grocery-rand,biasedMF,sum_0.05,30,100.0,0.19704808294773102,0.23132094658093766,0.09852404147386551,0.15783644300728306,0.45077226310809587,0.3385207482746635,0.14147267024720625,0.6628832613231892,0.43156231474225154,0.09463318122503711,0.004082430742746097,0.09636547217430452,0.08424913060934222,0.09844678903877188,0.09317230214563077,0.09609406030444345,0.09136940783874128,0.09751368428355284,0.006144276444811553,4.313952769946624,0.14404335361734896,0.0006942500212180295,0.14435132907666307,0.14216936997439902,0.14494636699206223,0.14379491943786485,0.14429178779683308,0.14364195502284755,0.14460585582148347,0.0009639007986359249,0.4819729642384639,0.4408817668001129,0.0009917044036920949,0.44099623236605434,0.4382008206634476,0.4425485960994349,0.4405268899368904,0.44123664366333537,0.44050851421330456,0.4415036490059724,0.000995134792667829,0.22493658807662015,4.66275947666727,0.17227894537536964,4.555138950003311,4.474671199917793,4.958703499985859,4.601110247817948,4.724408705516593,4.538185824989341,4.86501982487971,0.32683399989036843,3.694785163967043,51.974574017987514,2.0717941944296925,51.095453082958215,50.039204865095854,57.24437946869539,51.233191986986554,52.715956048988474,50.51274652115275,53.63090750648006,3.1181609853273073,3.9861686864671175,0.15388862905544412,0.006591073693372439,0.1548965689484714,0.13797851976019637,0.1626279194062193,0.15153004362528533,0.15624721448560291,0.15068308787871798,0.15876643602316362,0.00808334814444564,4.283015407849113,33.47397573371095,2.8493198695546,33.03824351493646,29.69598222298608,40.35191287274168,32.4543597131905,34.4935917542314,31.365300734833234,34.85973055795231,3.494429823119077,8.512044975539338,0.23081776307139784,0.004321843056314997,0.23287548485456888,0.22035450695183662,0.23520099463887137,0.22927121139586318,0.2323643147469325,0.22722861111700607,0.2337837688911474,0.00655515777414134,1.8724048785526703,0.13618458184636067,0.00046697111238108545,0.1362740572248109,0.13475167674425997,0.13683149167706207,0.1360174783798838,0.13635168531283756,0.135887074911174,0.13648808731321677,0.0006010124020427721,0.34289572729158735,0.5819907809441537,0.006760653835105273,0.5829387174896964,0.5663059336490919,0.5908853608800085,0.579571512039626,0.5844100498486814,0.5793441019122706,0.5863791450164726,0.007035043104201999,1.1616427710654764,0.4281021518887096,0.0007353646938690662,0.42818761641354786,0.4262149165863209,0.4291826436102298,0.4278390050125706,0.4283652987648486,0.42762506598241784,0.42870684925216196,0.0010817832697441188,0.17177318325188734
5Grocery-rand,biasedMF,max_0.05,30,100.0,0.09046103060245514,0.12980278764851427,0.04523051530122757,0.15783644300728306,0.45077226310809587,0.2429145821349648,0.1524535293640884,0.572851094698663,0.44304830705014875,0.04032848049063174,0.0028601260042712896,0.040616782067423446,0.03598206384418781,0.045050796246817765,0.03930499754446536,0.041351963436798124,0.03833961922637118,0.0423059796877912,0.003966360461420022,7.092074805386465,0.15034989411693467,0.00043633856711456395,0.15035958926765886,0.14918970306885057,0.15117685672223505,0.1501937523660015,0.15050603586786784,0.15007514459943483,0.15059606048863916,0.000520915889204332,0.29021541363720654,0.44426551922447033,0.0008807123309310215,0.44432536007730306,0.44279485765072674,0.4459212850882402,0.44395036036439206,0.4445806780845486,0.44356064774713955,0.44470051280221734,0.0011398650550777933,0.19824008229772866,3.4088540899800135,0.044725636096516905,3.4144808498676866,3.2033905000425875,3.459597999928519,3.3928492266513115,3.4248589533087155,3.400792024913244,3.4327291749650612,0.0319371500518173,1.312043135785232,55.41894645456624,3.161721666471558,55.10024394269824,50.19867013808367,60.2236857080299,54.28753888674377,56.55035402238871,53.2329231647699,57.61752992306654,4.384606758296641,5.705127702244596,0.05911790822013651,0.012079522398474315,0.05938308257019548,0.036990921145060696,0.08094960165711823,0.05479530664446809,0.06344050979580493,0.051169189751123556,0.0664574950195925,0.015288305268468944,20.432932696965477,54.45559429723605,9.306057764478664,54.251304116059806,37.63646904385664,71.50221361560712,51.12546429465602,57.785724299816074,48.801180449568584,60.579282865879776,11.778102416311192,17.089259394880944,0.18827861558207537,0.002942010392223109,0.18828834916463125,0.1835984389534233,0.19354689104637204,0.1872258306840017,0.18933140048014904,0.18619066691447073,0.19035399403748726,0.004163327123016536,1.5625833996748364,0.14795013509144364,0.0003762702091867934,0.14791486185557923,0.14695739212510783,0.14849609479955428,0.14781548852633497,0.1480847816565523,0.14776369214149995,0.14821028086993437,0.00044658872843442166,0.2543223153897303,0.49986559756127213,0.012124126522105363,0.5001424035082005,0.4776749019734364,0.5219777538746129,0.49552703460495234,0.504204160517592,0.49176501669431916,0.507215086769499,0.015450070075179845,2.4254772845453165,0.44074768934113556,0.00045504670682844773,0.440670887835967,0.43976378682556116,0.44154547926498366,0.44058485296838396,0.44091052571388717,0.4404602516674724,0.4410735920559532,0.0006133403884808208,0.10324426374388655
5Grocery-rand,NCF,0.05_count,30,100.0,0.23504909873008728,0.32206036682592215,0.11752454936504364,0.14507261717762815,0.38864972748782967,0.3601808387183317,0.12513178452403112,0.6833874917989465,0.3613271249730244,0.11538989862605925,0.002554648071711894,0.11643136550507611,0.10920430751546,0.11752053768704258,0.11447572955415498,0.11630406769796352,0.11544355008498178,0.11702795780506464,0.0015844077200828643,2.2139269573246345,0.1283943746928516,0.0007541437223832577,0.1286121498475445,0.1265803540576288,0.1294594991662963,0.12812450782766277,0.1286642415580404,0.12809046773860386,0.12882923471824326,0.0007387669796393992,0.5873650805865446,0.37671283053337784,0.0011902595707316342,0.37670296595051,0.3740813606172123,0.3789792732315117,0.37628690161614275,0.3771387594506129,0.3759142660888309,0.37746816390502835,0.0015538978161974693,0.31595939247579563,5.4349113866686825,1.0042331907344884,4.923633149941452,4.859600499970838,7.954224199987948,5.07555115458238,5.794271618754985,4.884701324917842,5.063086899928749,0.1783855750109069,18.477452883551628,50.90817227146046,1.0868572079255059,50.46508745018541,50.00170674043114,53.53978887582886,50.51924541454277,51.29709912837814,50.21127141633895,50.885346632386586,0.6740752160476333,2.1349366112183272,0.24102103407762113,0.008586761044659474,0.24114113478737953,0.22863937047047633,0.2608923748294282,0.23794830110051093,0.24409376705473132,0.2340016448745163,0.2442950625112942,0.010293417636777907,3.562660444770184,25.162777260358723,2.6661961325097576,25.125485894475347,18.99271015534677,29.007293656204858,24.20869122754642,26.116863293171026,24.146188828214655,27.342303189700694,3.196114361486039,10.595794354981896,0.23399495225014494,0.0029284141044320614,0.23519064269508727,0.22666562595604886,0.23700995897571905,0.23294703272117198,0.2350428717791179,0.23337293934431158,0.23574166186739404,0.002368722523082456,1.2514860155194854,0.11860505362408565,0.0006165622108566855,0.11869906074262873,0.11729609342455397,0.11948942128867647,0.11838441967050456,0.11882568757766673,0.11818635968504726,0.1190224738217963,0.0008361141367490416,0.5198448059480305,0.5972863877087273,0.008552276913994445,0.5972584752651569,0.5835972201437649,0.6171696968701628,0.5942259947192947,0.6003467806981599,0.5900049333434217,0.6016664027811502,0.0116614694377285,1.4318553193221353,0.35626535363110623,0.0010114195464871714,0.3563570591056464,0.3539192866833029,0.35829814532508186,0.35590342179464063,0.35662728546757183,0.35562541439605905,0.3568613673335632,0.00123595293750417,0.28389500583726207
5Grocery-rand,NCF,sum_0.05,30,100.0,0.20346835255622864,0.2743205544195561,0.10173417627811432,0.14507261717762815,0.38864972748782967,0.33164402724263414,0.12817567555719822,0.6401894496309379,0.36586889521138183,0.09849255662435591,0.002277823259559948,0.09930316662846644,0.0937719582859605,0.10114966420002727,0.0976774480392589,0.09930766520945292,0.09708366425817112,0.10032929810252356,0.003245633844352433,2.3126856867442434,0.12976112973271467,0.0005769093298933702,0.1298303948592145,0.12844320493829808,0.13081256721659165,0.12955468538035106,0.12996757408507828,0.12931659364712433,0.13011623677517553,0.0007996431280511973,0.44459333167158993,0.37747422542555586,0.0011762817084464883,0.37772155483641157,0.3751069464709807,0.3800684231175048,0.37705329842210056,0.37789515242901117,0.3765905388693788,0.3783151864541754,0.001724647584796568,0.3116190799836399,4.926835460045065,0.06896036358158512,4.915067399968393,4.844670699909329,5.2132011000067,4.902158310862902,4.951512609227228,4.888529549993109,4.940464825078379,0.051935275085270405,1.3996887888956282,51.593181255479315,1.119497568512759,51.194785144277446,50.28727419804784,53.913246405213535,51.192574195532856,51.993788315425775,50.69046520401866,52.28561934154257,1.595154137523913,2.169855669432801,0.19727677654865233,0.009498253592552894,0.19851861010573613,0.16800983115094253,0.2142054610054262,0.19387787015228247,0.2006756829450222,0.19392805343045316,0.20248258621939183,0.008554532788938668,4.8146840995297975,28.085309915592436,3.4624651487201037,27.632615599735793,21.914177572777735,38.75419524926229,26.846282674793176,29.324337156391696,26.18759952281687,29.306043493243905,3.118443970427034,12.328385049430443,0.2200744144184964,0.002299268557553456,0.22082924491315126,0.21562596248824117,0.2235623011239891,0.21925163173206993,0.22089719710492287,0.2185694854610678,0.22187012983955837,0.0033006443784905637,1.0447686813702644,0.12158185779414046,0.0005612973512473758,0.12160095621953886,0.12052428274506403,0.12266439608288285,0.12138100011658635,0.12178271547169457,0.12111568675337232,0.12190565358715212,0.0007899668337797983,0.4616620945188642,0.5583682370439521,0.009380351357101227,0.559581390272345,0.5305631601365451,0.5745112786964531,0.5550115214206879,0.5617249526672163,0.5546095349406371,0.5633085399267838,0.008699004986146619,1.6799579085589804,0.3610914604952998,0.0010158806605549042,0.3613220566288249,0.35900499336012637,0.3627338537602263,0.36072793226966726,0.3614549887209323,0.3603884592154793,0.3616162726761283,0.0012278134606489854,0.2813361077997932
5Grocery-rand,NCF,max_0.05,30,100.0,0.08861669898033142,0.1341547311892214,0.04430834949016571,0.14507261717762815,0.38864972748782967,0.22841617185830088,0.13979945109568492,0.5148215388380939,0.3806668076488725,0.0417621450698604,0.0024380073392646705,0.04236040558727852,0.03384928136362281,0.04417770593248671,0.04088971534800918,0.04263457479171163,0.041097495189179434,0.0433222524284664,0.002224757239286966,5.837840310133332,0.1372079346706924,0.0004668782095873142,0.1371632387891736,0.13604707304808392,0.13815877334703805,0.1370408644490533,0.13737500489233148,0.13697017748241255,0.1375491884524511,0.0005790109700385404,0.3402705613985452,0.3821905994829745,0.0006673928023131477,0.3820880868517189,0.3808488602372966,0.3842198862285868,0.38195177603584607,0.38242942293010296,0.3817347978036447,0.3824672666535814,0.0007324688499366627,0.1746230292466621,3.805626383315151,0.07330683072977678,3.794879199936986,3.741524599958211,4.165823000017554,3.7793938708393418,3.83185889579096,3.7723226999514736,3.817642949928995,0.0453202499775216,1.9262750292875008,52.87327834325046,2.75118275372206,52.19816798109297,50.147425439203055,61.802592792205346,51.88878023861573,53.85777644788519,51.11276663771709,53.62330614650737,2.5105395087902806,5.2033519386892,0.0708239364861926,0.006863440305039834,0.07100444810548032,0.056233800471082784,0.08734917678832255,0.06836788591578111,0.0732799870566041,0.06758621300057045,0.07517768785142809,0.007591474850857635,9.690848384822393,47.20727636038607,5.116062806133276,47.07272156855163,34.889231252590676,58.08287939411796,45.37651679742492,49.038035923347216,43.96195558292155,49.6207011102411,5.658745527319553,10.837445412178903,0.1764850100494558,0.002429378975272109,0.1772108558455082,0.1678821421857437,0.1786247756407099,0.1756156679480054,0.1773543521509062,0.176324393949329,0.1778261696781583,0.0015017757288293132,1.3765355905248453,0.13472286497959543,0.00046048409434052383,0.1346434327074932,0.13397400739573154,0.1357445444777546,0.13455808286271156,0.1348876470964793,0.13438771604907385,0.13505420019102554,0.0006664841419516954,0.3418009960003945,0.4488001351602147,0.0068352800111815045,0.4489544626765924,0.4349464246745609,0.4663713225412749,0.4463541616215424,0.45124610869888704,0.44487963927443747,0.4531190730261112,0.008239433751673741,1.523012021540817,0.37797619867402205,0.0005662583440805019,0.3779732454710627,0.3767097687401929,0.37922032476078243,0.37777356572798215,0.37817883162006194,0.3776285402426994,0.37824715969561357,0.0006186194529141931,0.14981322794054022
5Health-rand,biasedMF,0.05_count,30,100.0,0.2092568576335907,0.2753574102333669,0.10462842881679535,0.1392131804797608,0.41369590069770473,0.33057374042050147,0.12131686897015129,0.6655038716421215,0.39014646140875464,0.10172983467009189,0.001809289275787354,0.1017070418083945,0.09717555908201114,0.10457571362928568,0.10108238881781663,0.10237728052236715,0.10106993461570543,0.10304971637847851,0.0019797817627730807,1.7785237552531645,0.12479442328842762,0.0003941046836655114,0.12481322332969687,0.12413144254894942,0.125442337478931,0.12465339473858975,0.12493545183826549,0.12443815113414115,0.12516887592822346,0.000730724794082302,0.31580312106947916,0.40060679555215856,0.000660135270098381,0.4004070243945226,0.3996360659508563,0.40237690257498815,0.4003705691795793,0.4008430219247378,0.40015674986972083,0.4010225864174122,0.0008658365476913454,0.1647838422682054,11.442771916665757,0.08564809662548588,11.423286599921994,11.341494500171393,11.720852399943396,11.412123138906706,11.473420694424808,11.406997099868022,11.463436299934983,0.05643920006696135,0.7484908136702806,51.38518478174747,0.8646260372290507,51.396077070753016,50.02519161766348,53.56158924446538,51.07578232794165,51.694587235553286,50.75443761134995,51.70053886946962,0.9461012581196684,1.6826368162369136,0.18098296181996254,0.0057073857834487405,0.1807472412885241,0.1700143186580279,0.1979836197120936,0.17894060004714948,0.1830253235927756,0.1779391520274029,0.18417208713760636,0.0062329351102034525,3.153548668921834,34.27343696086535,2.072719153848702,34.35904225880835,28.099403773335386,38.256857328103195,33.53172393738719,35.0151499843435,33.11526027880655,35.37884022202326,2.2635799432167047,6.047596440985501,0.21782399976169842,0.001874049994409832,0.2178229771309037,0.21314395870337038,0.2210088531432845,0.21715337958388903,0.2184946199395078,0.217105244143803,0.21900546735629986,0.0019002232124968599,0.8603505566237242,0.11609416509160655,0.0003483581819306569,0.11606770286283472,0.11557574184579533,0.11672273651113778,0.11596950671717442,0.11621882346603869,0.11577680955101202,0.11642023784270926,0.0006434282916972373,0.3000651941945381,0.5661115203125066,0.005687342663805754,0.5656502137953973,0.5553505740264087,0.5829922982407786,0.5640763308779443,0.5681467097470688,0.5629615432961389,0.5690986613096553,0.006137118013516352,1.0046329141414063,0.38512855849254396,0.00048719114387543494,0.3851393266498168,0.38413697174824335,0.3859835706843056,0.38495421938072333,0.3853028976043646,0.3847701749915891,0.3854576785803795,0.0006875035887903835,0.12650091330084182
5Health-rand,biasedMF,sum_0.05,30,100.0,0.20729757845401764,0.28571462502188016,0.10364878922700882,0.1392131804797608,0.41369590069770473,0.3304162595766347,0.12311864520224616,0.6772277132178862,0.39151308819600605,0.09795279251770568,0.0018667314186812183,0.09807029807544687,0.09250380979523587,0.10100359635232614,0.09728479125858634,0.09862079377682502,0.09709465840622018,0.0994072783395841,0.002312619933363916,1.9057459932485266,0.12532532894984844,0.0003280834830865074,0.12530074136178815,0.12454496416762602,0.12642592053032436,0.12520792578321996,0.1254427321164769,0.1251728124481838,0.12549066172182827,0.0003178492736444771,0.2617854553709545,0.4005427205358009,0.0005433549940629009,0.4005142326077088,0.39958245576654383,0.4022180240419105,0.4003482834483065,0.40073715762329537,0.4002344774931221,0.4008600219513927,0.0006255444582706216,0.13565469204784494,11.463389246685741,0.1119013237303798,11.437834450043738,11.307889000046998,11.9468813999556,11.423345872260821,11.503432621110662,11.409161675081123,11.493014875042718,0.08385319996159524,0.9761626454648423,52.74773914475158,0.900508067968239,52.69105466313942,51.276036553060564,55.376319161511624,52.425496471151064,53.06998181835209,52.04609765297648,53.16170158362099,1.115603930644511,1.707197469633805,0.17927428957601094,0.0048968558930704035,0.17913636499487906,0.17042011658485262,0.19068267378154724,0.17752197219946625,0.18102660695255562,0.17583562249765877,0.1826130600562331,0.006777437558574323,2.7314881038723478,37.25407316398941,1.7138975271900767,37.30234671005704,33.261143433961536,40.35303003064622,36.640762810551784,37.86738351742704,36.08550488367598,38.4576052121262,2.372100328450216,4.600564130653952,0.21567309099257695,0.0018597611632848565,0.21563359255783685,0.20986680115267276,0.21834716863062315,0.21500758400731754,0.21633859797783636,0.21494897325644213,0.2169689479074134,0.002019974650971257,0.8623056101833612,0.11772029847487128,0.000310019524851725,0.11771690107131927,0.11716646619730808,0.11869994331318698,0.11760935941267944,0.11783123753706312,0.1175002721525523,0.11787482421207442,0.00037455205952212356,0.2633526493461127,0.5658981988093265,0.004763822195743135,0.5660854601736482,0.5568010957588205,0.5768154488657867,0.564193486929979,0.567602910688674,0.5624882396619799,0.5688339542000064,0.006345714538026459,0.8418161085803801,0.38662390923331563,0.000521109850987104,0.38666163249808366,0.3855946487367173,0.3883159466797468,0.3864374324680374,0.38681038599859385,0.3862826389625693,0.38689201709660614,0.0006093781340368309,0.1347846934817035
5Health-rand,biasedMF,max_0.05,30,100.0,0.08808045089244843,0.12526969884809408,0.04404022544622421,0.1392131804797608,0.41369590069770473,0.22213840045838035,0.13405797142247539,0.5316337609844556,0.4063640621363615,0.041849604091284735,0.0027937266632084914,0.043008858949666454,0.034307457749554904,0.043956474454472316,0.04084988184416202,0.04284932633840745,0.04155530603581722,0.043809330567612374,0.002254024531795157,6.675634629934983,0.13217611944741978,0.0005064859918947625,0.13228968868675345,0.13064098678119265,0.13275131809454063,0.13199487576290997,0.13235736313192958,0.13207654857911627,0.1325095550076673,0.00043300642855104154,0.38319024193795065,0.4063321171386596,0.0005811371696940187,0.4063972211505553,0.40453721792635,0.4073604160933119,0.40612415987325345,0.4065400744040657,0.406171642832715,0.40664537222881925,0.0004737293961042388,0.1430202401391046,8.749274843302555,0.32607263608231796,8.60091795003973,8.523972899885848,9.525969099951908,8.63259124903315,8.86595843757196,8.568780925008468,8.682713050104212,0.11393212509574369,3.7268532755251362,52.487068734030835,3.1717896932882432,51.170936894745374,50.09508465374929,61.04986134613867,51.35205836908228,53.62207909897939,50.26214089082466,52.82119288131396,2.5590519904893014,6.042992626166152,0.05236228293351448,0.005457288460872313,0.05351208784576442,0.04022097348398268,0.061274458172107804,0.0504094173381973,0.05431514852883165,0.05021459404136892,0.05545760320655249,0.005243009165183568,10.422174426202062,58.20036017088969,4.3564313725141055,57.2824966150395,51.08596992285332,67.8924960674202,56.6414312253629,59.759289116416475,55.72943519741186,59.91481219871,4.185377001298143,7.485230949984875,0.17157633199490022,0.003044376848662968,0.17276713965168422,0.1631778103644529,0.1738962918991566,0.17048691573084154,0.1726657482589589,0.17159501114136283,0.17344188576536118,0.0018468746239983513,1.7743571116518895,0.1297267279036155,0.0003912888099007172,0.12975759330670764,0.12861827128312142,0.13029052819696546,0.1295867070012633,0.1298667488059677,0.12961302851047696,0.13001452713307476,0.0004014986225978068,0.30162543696580196,0.4556297179606808,0.005534786276423924,0.45677990481895137,0.44240412105591903,0.4650485765463164,0.4536491201282301,0.4576103157931315,0.4535669840586689,0.458754718292439,0.005187734233770114,1.2147553283391308,0.4032674350271663,0.0004442915423625701,0.4033303374484384,0.40218314757193635,0.40400930487090736,0.4031084473405906,0.40342642271374196,0.4029458396372311,0.4035941958152046,0.0006483561779735414,0.11017292837757657
5Health-rand,NCF,0.05_count,30,100.0,0.21480430662631989,0.30805670138960695,0.10740215331315994,0.12201065692804258,0.33546682264192407,0.3184441920247041,0.10363991357260766,0.617177537625062,0.30912083623545505,0.10429350172539362,0.001817213089742597,0.10470922986126163,0.1007681532687238,0.1072831381587205,0.10364322037271044,0.1049437830780768,0.10268104439198819,0.10566858099623588,0.0029875366042476925,1.7424029874146394,0.10625214520042046,0.00031849536575275596,0.10629453561324154,0.10561916823473334,0.10684354440344779,0.10613817309751515,0.10636611730332578,0.10603008129311954,0.10640878786862946,0.0003787065755099239,0.2997542921622778,0.3210451922484819,0.0005555377900877367,0.32108261025105345,0.3199589964743111,0.32230803921465884,0.32084639560341915,0.3212439888935446,0.3207073713859355,0.32134892780371344,0.000641556417777911,0.17304037048396687,12.394138410004476,0.09179255653651114,12.384330249857157,12.283575899899006,12.733575199963525,12.361290865504747,12.426985954504206,12.332054400001653,12.439452099963091,0.10739769996143878,0.740612646881664,51.447201704933335,0.8459854079666462,51.25366362257485,50.05540631671156,53.08839247621643,51.144469714641154,51.749933695225515,50.80704728138428,52.197865115146286,1.3908178337620072,1.6443759425802233,0.21935339490971253,0.005542080723541624,0.21875265908592373,0.20907066869671742,0.23181187038943118,0.2173701867928843,0.22133660302654076,0.21647418885702113,0.2241616889937144,0.007687500136693254,2.5265534302866772,28.794473900345103,1.7990456622245061,28.989482098861465,24.75025885047929,32.13240687392138,28.150693678106077,29.43825412258413,27.23362680229068,29.729108998268195,2.495482195977516,6.247885161753014,0.201626135789242,0.0018036954694282531,0.2019225695517234,0.19844380088928198,0.20495148823325718,0.2009806916548645,0.20227157992361947,0.20006213049555635,0.2027434500413084,0.0026813195457520422,0.8945742387850154,0.09733263406384834,0.0002984815358573061,0.09737369007895008,0.09671026852038286,0.09777720120865059,0.09722582381799229,0.0974394443097044,0.09714937845054938,0.09758286431795099,0.0004334858674016062,0.30666131532154767,0.5216387889313246,0.005358105642262056,0.5210689965724458,0.5117726468508341,0.5326213330085,0.5197214154518264,0.5235561624108229,0.5191434092616504,0.5260214599225843,0.006878050660933943,1.0271677942583881,0.30228539402161214,0.0005285507696862989,0.3023743449703601,0.3008094626190688,0.30301670089948624,0.3020962545577741,0.30247453348545017,0.30201449397619895,0.30270106018165194,0.0006865662054529875,0.17485157408846214
5Health-rand,NCF,sum_0.05,30,100.0,0.21573619544506073,0.30567428669114494,0.10786809772253036,0.12201065692804258,0.33546682264192407,0.3209971299760196,0.10526095380952599,0.6174086336582907,0.31173434696714575,0.1043922821101057,0.0018688431679977733,0.10443795999848829,0.09867466527050317,0.10754066078701516,0.10372352517119852,0.10506103904901289,0.1033202206071444,0.10523903197828413,0.0019188113711397364,1.790212006311585,0.10693546076858283,0.0004145807512784472,0.10696429280928094,0.10592300955100621,0.10766348844137134,0.10678710495205283,0.10708381658511283,0.10670037130452437,0.10720152322988827,0.0005011519253639019,0.38769249068429623,0.32186709238863825,0.0007171220740108488,0.3216630067443962,0.32072428737163367,0.3233667005811058,0.3216104735501768,0.3221237112270997,0.32140090786085385,0.32239979128439794,0.0009988834235440947,0.22280068107893436,12.412300573320438,0.08117655363487322,12.397482149885036,12.290411900030449,12.654846999794245,12.383251916670424,12.441349229970452,12.362936500052456,12.450444075046107,0.08750757499365136,0.6540008691809944,51.61114160989726,0.8662631526167308,51.589968580360726,50.15177654117785,54.261423278120425,51.30115332187376,51.92112989792076,51.218648423284975,52.10807329108765,0.8894248678026742,1.678442145621152,0.21805551493339298,0.005126060598223552,0.21801711499434379,0.2075610113216178,0.23264741878446304,0.2162211777064798,0.21988985216030615,0.21565716102826826,0.21964036388095395,0.003983202852685691,2.3508052982697336,28.664096252977412,1.676968204853604,28.676658624338415,23.89041901338226,32.09732700502262,28.064000887819468,29.264191618135357,28.145619882355415,29.448707196569178,1.3030873142137622,5.850413667514158,0.20322275203163068,0.0019312681874635756,0.20331122309634891,0.1969365983253523,0.20628384403201583,0.20253165658639827,0.20391384747686309,0.20233235905612768,0.20434239947068983,0.002010040414562153,0.9503208514580999,0.09883046992152493,0.00037888211248705194,0.09876833472643923,0.0981943172524504,0.09952146154734073,0.09869488869882394,0.09896605114422592,0.09855160391562756,0.0990655630327564,0.0005139591171288427,0.38336568953673744,0.5229928313178858,0.005143332199076255,0.5224791923843493,0.5126259559392281,0.5379514315717441,0.5211523135279836,0.5248333491077879,0.5206798198251347,0.52483427561469,0.004154455789555311,0.9834421986465112,0.3049373163844927,0.0006090128097563186,0.30486171173969034,0.3038896131098731,0.3060379739024616,0.30471938394940007,0.3051552488195853,0.304526427558096,0.30540190450238314,0.0008754769442871346,0.19971737699311945
5Health-rand,NCF,max_0.05,30,100.0,0.09477066993713379,0.13766301445936513,0.047385334968566895,0.12201065692804258,0.33546682264192407,0.21123452522628175,0.11646388003561206,0.46507263725834974,0.3274096227989846,0.04417189106424621,0.0026669307795724488,0.04387268741094,0.03919558391302072,0.04731221192227704,0.04321754214135879,0.04512623998713363,0.042198435486621555,0.04689057220930694,0.004692136722685383,6.037619661095123,0.11316473494140232,0.0005938244146735345,0.11310733218993375,0.11230624291885502,0.11429774637730897,0.11295223760368785,0.1133772322791168,0.1126039788778734,0.11359780986201284,0.0009938309841394377,0.5247433442768384,0.32667058307307734,0.0007897856248543026,0.3267238800126032,0.3251410575134041,0.3279076906735425,0.326387961916891,0.32695320422926366,0.32606162299688973,0.32728360030430104,0.0012219773074113038,0.241768211090383,10.174808330003483,0.4691963795570114,10.454336350085214,9.479314099997282,10.81438359990716,10.006908561894504,10.342708098112462,9.670330424967688,10.528220924839843,0.8578904998721555,4.6113534952146935,53.39075782249119,2.8140887695967116,53.70647116872448,50.077157886863475,58.641651537315134,52.383749089176874,54.397766555805504,50.5220631653107,55.47310627368792,4.95104310837722,5.27074138740031,0.07404194482892937,0.006268506164793357,0.07454694901437006,0.06145323476759468,0.0883582832276894,0.07179878870642858,0.07628510095143015,0.07006372866680373,0.07677413638837034,0.006710407721566614,8.466155473463674,46.21507808781508,4.5535151103666065,45.848237228326454,35.815524907185086,55.359662136605166,44.585623632447984,47.844532543182176,44.23038265587867,49.10490014913564,4.874517493256967,9.852877672767953,0.15475131465573447,0.002966777563198622,0.15394811813604933,0.14936301411888536,0.15808955073983355,0.15368966693935127,0.15581296237211767,0.15279349149717408,0.15779157782724978,0.004998086330075702,1.917125918961416,0.11057942359148826,0.0004936137790345723,0.11065107005187536,0.10968150905386315,0.11161384736840113,0.11040278616919282,0.1107560610137837,0.11022302479747037,0.11096721231703435,0.0007441875195639824,0.44638845365854096,0.39637896925817306,0.006499118643772594,0.39682103014594194,0.3831380713782207,0.41092011847930593,0.3940532895199099,0.3987046489964362,0.39263530575714384,0.3995173612847786,0.006882055527634767,1.639622469359501,0.3223370244292437,0.0005801057841707507,0.32241552878230995,0.3212220462292318,0.3233021303812179,0.3221294362404071,0.3225446126180804,0.3220719899690259,0.3227320501561619,0.0006600601871359912,0.17996870983031918
