dataset,model,grouping,n_runs,success_rate,original_ugf,original_ugf_ndcg,epsilon,baseline_f1,baseline_ndcg,baseline_g1_f1,baseline_g2_f1,baseline_g1_ndcg,baseline_g2_ndcg,final_ugf_mean,final_ugf_std,final_ugf_median,final_ugf_min,final_ugf_max,final_ugf_ci_95_lower,final_ugf_ci_95_upper,final_ugf_q1,final_ugf_q3,final_ugf_iqr,final_ugf_cv_percent,final_f1_mean,final_f1_std,final_f1_median,final_f1_min,final_f1_max,final_f1_ci_95_lower,final_f1_ci_95_upper,final_f1_q1,final_f1_q3,final_f1_iqr,final_f1_cv_percent,final_ndcg_mean,final_ndcg_std,final_ndcg_median,final_ndcg_min,final_ndcg_max,final_ndcg_ci_95_lower,final_ndcg_ci_95_upper,final_ndcg_q1,final_ndcg_q3,final_ndcg_iqr,final_ndcg_cv_percent,cpu_time_mean,cpu_time_std,cpu_time_median,cpu_time_min,cpu_time_max,cpu_time_ci_95_lower,cpu_time_ci_95_upper,cpu_time_q1,cpu_time_q3,cpu_time_iqr,cpu_time_cv_percent,ugf_reduction_pct_mean,ugf_reduction_pct_std,ugf_reduction_pct_median,ugf_reduction_pct_min,ugf_reduction_pct_max,ugf_reduction_pct_ci_95_lower,ugf_reduction_pct_ci_95_upper,ugf_reduction_pct_q1,ugf_reduction_pct_q3,ugf_reduction_pct_iqr,ugf_reduction_pct_cv_percent,final_ugf_ndcg_mean,final_ugf_ndcg_std,final_ugf_ndcg_median,final_ugf_ndcg_min,final_ugf_ndcg_max,final_ugf_ndcg_ci_95_lower,final_ugf_ndcg_ci_95_upper,final_ugf_ndcg_q1,final_ugf_ndcg_q3,final_ugf_ndcg_iqr,final_ugf_ndcg_cv_percent,ugf_ndcg_reduction_pct_mean,ugf_ndcg_reduction_pct_std,ugf_ndcg_reduction_pct_median,ugf_ndcg_reduction_pct_min,ugf_ndcg_reduction_pct_max,ugf_ndcg_reduction_pct_ci_95_lower,ugf_ndcg_reduction_pct_ci_95_upper,ugf_ndcg_reduction_pct_q1,ugf_ndcg_reduction_pct_q3,ugf_ndcg_reduction_pct_iqr,ugf_ndcg_reduction_pct_cv_percent,final_g1_f1_mean,final_g1_f1_std,final_g1_f1_median,final_g1_f1_min,final_g1_f1_max,final_g1_f1_ci_95_lower,final_g1_f1_ci_95_upper,final_g1_f1_q1,final_g1_f1_q3,final_g1_f1_iqr,final_g1_f1_cv_percent,final_g2_f1_mean,final_g2_f1_std,final_g2_f1_median,final_g2_f1_min,final_g2_f1_max,final_g2_f1_ci_95_lower,final_g2_f1_ci_95_upper,final_g2_f1_q1,final_g2_f1_q3,final_g2_f1_iqr,final_g2_f1_cv_percent,final_g1_ndcg_mean,final_g1_ndcg_std,final_g1_ndcg_median,final_g1_ndcg_min,final_g1_ndcg_max,final_g1_ndcg_ci_95_lower,final_g1_ndcg_ci_95_upper,final_g1_ndcg_q1,final_g1_ndcg_q3,final_g1_ndcg_iqr,final_g1_ndcg_cv_percent,final_g2_ndcg_mean,final_g2_ndcg_std,final_g2_ndcg_median,final_g2_ndcg_min,final_g2_ndcg_max,final_g2_ndcg_ci_95_lower,final_g2_ndcg_ci_95_upper,final_g2_ndcg_q1,final_g2_ndcg_q3,final_g2_ndcg_iqr,final_g2_ndcg_cv_percent
5Beauty-rand,biasedMF,0.05_count,30,100.0,0.17906931042671204,0.2678780785553523,0.08953465521335602,0.1427162485830327,0.43246612215101154,0.30676892629900515,0.12769961568186589,0.6778801237851304,0.4100020452297781,0.08610971190662019,0.0027996542102595645,0.08697203215049612,0.07982408361164245,0.08910975281209756,0.08510786851402685,0.08711155529921352,0.08571621857896715,0.08794192296739961,0.0022257043884324618,3.251264170173498,0.12782582928463418,0.0004538661304077174,0.127764072780302,0.12687523981164894,0.12867288958406617,0.1276634153757291,0.12798824319353927,0.12747084992047458,0.12812254542829188,0.0006516955078172959,0.3550660558572071,0.41437782733651785,0.001154290607595703,0.41468157317918286,0.4119421649679414,0.41600838633774356,0.4139647697474361,0.41479088492559957,0.41358806892632693,0.4153028840739448,0.001714815147617843,0.27855993526851985,5.137758896670615,0.16124663228999536,5.049940000055358,4.953142500016838,5.42483440018259,5.080057530356994,5.195460262984236,5.024251825059764,5.333794974896591,0.30954314983682707,3.1384624217085557,51.91263555914433,1.5634472504462917,51.43107886926761,50.23728376473107,55.42280057848764,51.3531631458056,52.47210797248305,50.889450147633355,52.13237914709659,1.2429289994632384,3.011689222877248,0.17032724657090756,0.00931102269369313,0.1668298959442769,0.15841755323478818,0.1924683082113321,0.16699533989122578,0.17365915325058934,0.16367394298446947,0.17822118511461799,0.014547242130148519,5.466549175863612,36.416130991580026,3.4758434672619805,37.7217065151509,28.15078066510698,40.86206900948262,35.17231638097414,37.659945602185914,33.46929092677073,38.899836870881124,5.430545944110392,9.544790653531122,0.20671443820900398,0.002825598561729944,0.20778675105081612,0.20028635359628152,0.20986233672902577,0.20570331074947107,0.2077255656685369,0.20670676581010164,0.20863452697871124,0.0019277611686095986,1.3669091458783589,0.1206047263023838,0.000389005769561633,0.12057803401550078,0.1198597852595057,0.12129325834773404,0.1204655223755246,0.12074393022924299,0.12031197253643429,0.12085657209568418,0.0005445995592498892,0.3225460406802848,0.5704215446638777,0.009199937446441533,0.5667212743651382,0.5583685743706905,0.5922640609075824,0.5671293893294034,0.5737136999983521,0.5637466498910169,0.5787567463766781,0.015010096485661206,1.6128313406995554,0.4000942980929701,0.0009884789346580602,0.40000428893212503,0.39784519537169694,0.40194767945104054,0.3997405754490179,0.40044802073692226,0.39960513710063306,0.4008007627839424,0.0011956256833093315,0.24706149009610903
5Beauty-rand,biasedMF,sum_0.05,30,100.0,0.16750548779964447,0.24546618433740552,0.08375274389982224,0.1427162485830327,0.43246612215101154,0.2975891189782004,0.13008365342711867,0.6594202243841123,0.4139540400467068,0.08050095218737326,0.0026654160523652197,0.08108019633267585,0.07459742178331479,0.083517111721587,0.07954714530265561,0.0814547590720909,0.07913219522399002,0.08261538651066233,0.0034831912866723075,3.3110366771329893,0.1290090011753953,0.0005341352984485927,0.12905069745183995,0.12776579374390606,0.12997631470194826,0.12881786331360487,0.12920013903718572,0.12873386968219014,0.12936658320219396,0.0006327135200038247,0.4140294813401465,0.4158112620592473,0.0011307090506450243,0.4155947569890778,0.4140843639784128,0.41802709695003637,0.41540664302194513,0.41621588109654944,0.41486013080217476,0.4166716993211058,0.0018115685189310504,0.2719284333582851,5.304543349977272,0.37126007670534056,5.1507476000115275,4.785928099881858,6.437880200101063,5.171689637751697,5.437397062202846,5.0959933999110945,5.3532516999403015,0.257258300029207,6.998907393356137,51.941304583607725,1.5912410317883798,51.595498513065465,50.1406713184926,55.46568487801322,51.37188629334938,52.51072287386607,50.678997090841776,52.75844614796078,2.0794490571190067,3.063536899091601,0.15877190666755545,0.007617379544892744,0.15819430388700328,0.14602308046133938,0.17400465348973299,0.15604606240508886,0.16149775093002203,0.1531602904840952,0.16384247385268252,0.010682183368587311,4.797687263932904,35.31821619497881,3.1032297036981173,35.553524688534154,29.112576561439962,40.51193615303713,34.207739707219595,36.428692682738024,33.25252751414718,37.60432179384483,4.35179427969765,8.786484817257852,0.20343889212722596,0.0028247825262393365,0.20369598987978127,0.19709238560242492,0.20697464090037213,0.20242805668224306,0.20444972757220886,0.2022910146037275,0.20581373931966593,0.0035227247159384245,1.3885164713110918,0.12293793993985273,0.00043988751087166894,0.12301361652433826,0.1220100327002123,0.12371853633543144,0.12278052821570618,0.12309535166399929,0.12263580037834201,0.12324568725647458,0.0006098868781325706,0.3578126582297405,0.5626092238022884,0.007651932500055592,0.5617686523685943,0.5491188653370044,0.577297052057808,0.559871014923614,0.5653474326809628,0.5572175801722166,0.568675223579389,0.01145764340717248,1.3600794612540208,0.4038373171347329,0.0009913702077114454,0.40384302702812824,0.4017203305045149,0.4055516540032337,0.4034825598620062,0.40419207440745963,0.40328460956829526,0.40463736760316166,0.001352758034866397,0.24548751827724052
5Beauty-rand,biasedMF,max_0.05,30,100.0,0.07454326748847961,0.10959180784504047,0.03727163374423981,0.1427162485830327,0.43246612215101154,0.21309819621765005,0.13855492662269456,0.5359400497482879,0.42634824190324744,0.03347726669950531,0.0024970348760983197,0.033708151452708876,0.029224834888799095,0.03716816506448731,0.03258371424487475,0.034370819154135875,0.031773330750174106,0.035591613013844725,0.0038182822636706193,7.458897103254902,0.13391220614346325,0.0005419918072658863,0.13387790549265283,0.13277811376035098,0.1352261734857795,0.1337182568660992,0.1341061554208273,0.13360594701841802,0.1342558102878747,0.0006498632694566797,0.404736672536959,0.42067949655316567,0.0011905605781775087,0.42074673434178467,0.41762120632874616,0.4227703800985941,0.42025345992179947,0.42110553318453187,0.4199758939068077,0.42146433630413127,0.0014884423973235972,0.2830089386177263,4.29071385001298,0.14420245905940532,4.318668349995278,3.977061599958688,4.684548399876803,4.23911166275894,4.342316037267021,4.282742574985605,4.344503375003114,0.06176080001750961,3.3608034490337566,55.09015391003741,3.349779209080455,54.78042137350855,50.13880352074517,60.79480297356742,53.89145081486029,56.288857005214524,52.253752467524606,57.37598871006754,5.122236242542932,6.080540661677342,0.05145444774035132,0.00799654524120807,0.051546484096346296,0.028480384009750004,0.07062407725513431,0.04859292077601409,0.054315974704688554,0.04872843780346969,0.05570130274600971,0.0069728649425400135,15.541018497681907,53.04900178934324,7.2966633167644686,52.96502073473277,35.557156466480926,74.01230569166228,50.43792435517649,55.66007922350998,49.173844431173464,55.53642305785279,6.362578626679323,13.754572321152065,0.16552062960808347,0.002622071855129128,0.16534603446378243,0.16076918923782604,0.1696168202601136,0.1645823332451471,0.16645892597101986,0.16373548834246035,0.16759590747686806,0.003860419134407711,1.5841359843408152,0.1320433629085782,0.0005026917604143359,0.13202526931880826,0.13109974934624682,0.13324602481167627,0.13186347697236628,0.13222324884479014,0.13183038532751287,0.1322847921184446,0.0004544067909317273,0.38070202798635205,0.46926153844785917,0.008025298536258857,0.46948470028008993,0.4465927310628108,0.487082962363108,0.46638972224903136,0.472133354646687,0.4654354899901295,0.47378212369248196,0.008346633702352446,1.7101973800800994,0.4178070907075078,0.0011238088808446767,0.41789170907835316,0.4148901720593742,0.4198971170698739,0.41740494086425717,0.4182092405507585,0.4173876597713147,0.41844878549320447,0.0010611257218897663,0.2689779340368869
5Beauty-rand,NCF,0.05_count,30,100.0,0.18186533451080322,0.29064004431304624,0.09093266725540161,0.12439576125345435,0.3513127927164169,0.2910099643222957,0.1091446580197907,0.6175799568481166,0.3269399125350704,0.08839842960595462,0.002312817179889543,0.08918651638573352,0.08045842684016169,0.09085106635055964,0.08757079860729144,0.0892260606046178,0.08760493928574992,0.08977227308149668,0.0021673337957467675,2.6163555056341736,0.10943833215659385,0.00043352825946238086,0.10944011557134864,0.10830452153369514,0.11019172643848436,0.1092831960613385,0.1095934682518492,0.10923312070437549,0.10972372396380722,0.0004906032594317322,0.39613931510035355,0.3346910844520912,0.0009721394258782515,0.33465584726466546,0.33265099622491096,0.3368129849468638,0.3343432088262634,0.33503896007791906,0.3340120142949511,0.3353213207007335,0.0013093064057824177,0.2904587158243848,5.366068290011026,0.15624008985678378,5.295139850000851,5.214668500004336,5.730285400059074,5.310158491898246,5.421978088123806,5.256964600004721,5.501037574897055,0.24407297489233315,2.91163066537237,51.39346932512664,1.2717196414098135,50.960133977354744,50.04486886138112,55.75933860260639,50.93839029597058,51.8485483542827,50.63805132353906,51.82977584958833,1.1917245260492706,2.4744771234738585,0.2020957225471667,0.00860174941528696,0.20172776720213798,0.17538675268864318,0.22225005424500432,0.19901762605051046,0.20517381904382295,0.19738635975037103,0.20636755781032626,0.008981198059955231,4.256274851774468,30.465286356242466,2.9595885300726414,30.591888093418234,23.530821511429295,39.654993824685974,29.406211202324297,31.524361510160634,28.995483640909,32.08562838719924,3.0901447462902425,9.714625674169017,0.19042372844121952,0.0024170081213790748,0.19118516895049548,0.18247654178360617,0.19297986233927716,0.1895588131929812,0.19128864368945783,0.18945414268723526,0.19198924874292844,0.0025351060556931815,1.269278855720527,0.10202529883526494,0.0003449362509304852,0.10200272501367658,0.10103503711344679,0.10274538908607435,0.10190186498311482,0.10214873268741506,0.10187682820756465,0.10213483215871058,0.00025800395114593255,0.33808893957511094,0.5198391945584225,0.008374875492734699,0.519299468135934,0.4943597706595056,0.5389418749723899,0.5168422838522928,0.5228361052645523,0.5162169130556585,0.524303903892451,0.00808699083679243,1.6110511828275547,0.3177434720112559,0.0009034153674202258,0.31773301775409324,0.3157288513430654,0.31985475043284645,0.3174201889739078,0.31806675504860404,0.31715725965458064,0.3180060486696645,0.0008487890150838395,0.28432224325547206
5Beauty-rand,NCF,sum_0.05,30,100.0,0.17133155465126038,0.2689193498061014,0.08566577732563019,0.12439576125345435,0.3513127927164169,0.28280619132515533,0.11147461614608979,0.599951316075956,0.3310319662698546,0.08222098864744415,0.002384608041211265,0.08295228988697712,0.0772854586537366,0.08563983657486629,0.0813676676189908,0.0830743096758975,0.08039946426566591,0.08397364428620305,0.0035741800205371377,2.9002424811944794,0.11020785991967517,0.00053457016306909,0.1101476856140263,0.1092921976488189,0.111659966755206,0.11001656644357884,0.11039915339577151,0.10986096988309918,0.11044805087952984,0.0005870809964306639,0.48505629585649396,0.3362558793993608,0.0010247882174503219,0.33626941747742484,0.3343886369492953,0.338070752145794,0.33588916364543026,0.33662259515329135,0.33559397232371246,0.3369246610099619,0.001330688686249415,0.3047644012294614,5.30613501999372,0.15711124639689858,5.249854550114833,4.915246699936688,5.706995999906212,5.249913482516688,5.3623565574707515,5.236723349895328,5.315211900160648,0.07848855026531965,2.960935705648224,52.01059792237209,1.3918090255265896,51.5837639739955,50.01514067319164,54.891287357399776,51.51254545901223,52.508650385731954,50.987636540666095,53.073755485779415,2.08611894511332,2.6760104308047383,0.19102489239740508,0.006374757732632989,0.19068440899099226,0.18078963373716922,0.20193954927737573,0.18874371463965994,0.19330607015515022,0.1857462030698563,0.19681036422765266,0.011064161157796348,3.337134575828498,28.965731720257548,2.3705091274500596,29.09234343736097,24.907021594771823,32.77180170652511,28.117455923298373,29.814007517216723,26.814353682783103,30.92865827476353,4.114304591980428,8.183839960763754,0.18622806903144842,0.0025073190540514942,0.18664709519294165,0.1812909497809356,0.1904061914309591,0.18533083643100096,0.1871253016318959,0.1842562523266618,0.18807084688174552,0.0038145945550837335,1.3463701079497754,0.10400708038400433,0.0004744790686567338,0.10400269869228389,0.10318666479192617,0.10531125866925539,0.103837290229879,0.10417687053812966,0.10367004352773099,0.10413952138614015,0.0004694778584091591,0.4561988154122879,0.5128744351293659,0.006128150710145604,0.5125194899509113,0.5022109716811655,0.5229316267830089,0.5106815045612704,0.5150673656974615,0.5071524252368327,0.518785381656433,0.011632956419600271,1.194863750344635,0.3218495427319608,0.0010664746562444264,0.32168402114853545,0.3201423028506216,0.32427876271942246,0.32146790967748884,0.3222311757864328,0.3209879543255333,0.32256646939165373,0.001578515066120445,0.3313581393317672
5Beauty-rand,NCF,max_0.05,30,100.0,0.08386494964361191,0.12488679863850982,0.041932474821805954,0.12439576125345435,0.3513127927164169,0.2035790131692412,0.11971406351472792,0.4692278797496455,0.3443410811111357,0.039206616284999225,0.0022515338930070806,0.039653021166900504,0.0343412689539329,0.04170596734158742,0.03840091522890346,0.04001231734109499,0.03859890455866799,0.041182649862957485,0.0025837453042894948,5.7427396351685065,0.11512379991264442,0.0005988442005048105,0.11513921861723211,0.11413244774566483,0.1163112640310211,0.11490950626763996,0.11533809355764887,0.11460756778523151,0.11549846721927162,0.00089089943404011,0.5201741090540892,0.3404263091344015,0.0010215489313229434,0.3405079055040079,0.33783818631964485,0.3423344832224339,0.34006075254412466,0.3407918657246783,0.3399263500545461,0.34120387518056783,0.0012775251260217502,0.30007931347034417,4.5697963233338665,0.14682629802682295,4.6088306999299675,4.248305400134996,4.92109419987537,4.5172552073638785,4.6223374393038545,4.580194074951578,4.629373725038022,0.04917965008644387,3.2129724748806034,53.25029532407805,2.6847138197483953,52.71800515542202,50.27008599084729,59.051702648284234,52.28958282199031,54.2110078261658,50.894086220804866,53.97492668546768,3.0808404646628134,5.041688132261784,0.07136864915838734,0.009002028717847657,0.07346993751995207,0.04167260177938886,0.08614800971799219,0.06814731455289869,0.07458998376387599,0.06870609564200585,0.07688280703555922,0.008176711393553374,12.613421753114023,42.85332802471227,7.20815075411166,41.17077359584343,31.0191223915097,66.63169988045576,40.27392440430805,45.43273164511649,38.43800315668288,44.985301576287036,6.547298419604154,16.82051566672938,0.15214173633125422,0.0024773328276252835,0.15241033260141135,0.14679803817238943,0.15506713179113374,0.1512552341641238,0.15302823849838465,0.15117452298973422,0.15420768773022703,0.003033164740492811,1.6283058727760615,0.11293512004625503,0.0005476800142564739,0.11295589984093496,0.11207021189595243,0.11409366117931713,0.11273913527016105,0.113131104822349,0.11250033948193128,0.11324351843543908,0.0007431789535077976,0.48495101792264417,0.4078108571306557,0.009192008162741452,0.4092286983624025,0.3771844464471144,0.4230170464837483,0.4045215392539123,0.41110017500739904,0.4057108770555519,0.41394961438650807,0.008238737330956147,2.253988093258755,0.3364422079722684,0.0007958824638031592,0.3366310402340238,0.3346709098477897,0.33799890451984366,0.33615740509028386,0.336727010854253,0.33576039307617317,0.33694246182138093,0.001182068745207765,0.23655844746707896
5Grocery-rand,biasedMF,0.05_count,30,100.0,0.22619609534740448,0.2754760770180228,0.11309804767370224,0.15783644300728306,0.45077226310809587,0.3648427341006056,0.13864667062495395,0.7028778042577,0.4274017272396772,0.10897974199066587,0.0031106727002799973,0.10964118665435225,0.10165778335340789,0.11275648315333409,0.10786660206078609,0.11009288192054566,0.10769123790549812,0.11168272710675067,0.003991489201252557,2.854358657360766,0.14230971589149596,0.000551419119405146,0.14235984075121932,0.14114002898151365,0.14373095710132053,0.14211239309380858,0.14250703868918335,0.14195618888533093,0.14259902758279197,0.00064283869746104,0.38747819567398717,0.4398473408526479,0.001107854283665284,0.439772261119045,0.43721040921932436,0.4424819054712821,0.4394509002886743,0.44024378141662146,0.4392559105568947,0.4404477595023574,0.0011918489454627035,0.2518724522734863,3.6306304700129357,0.09458741519444062,3.627041299943812,3.424843200016767,3.954022099962458,3.5967827981869758,3.6644781418388956,3.606290274998173,3.648219700087793,0.041929425089620054,2.6052614270629317,51.820679387374604,1.3752106089640734,51.5282584847633,50.15100372083946,55.057675422170206,51.328566591099246,52.31279218364996,50.62570512756989,52.39031967368846,1.7646145461185725,2.653787301173679,0.19377712503818514,0.010391660438615955,0.19272490222324398,0.17564423946770408,0.2173273831172196,0.190058517107838,0.1974957329685323,0.18836431606677073,0.20244477284115125,0.014080456774380523,5.362686868518772,29.657367298174698,3.7722551268711753,30.039332522281015,21.108436903215686,36.23974852225999,28.307483137415485,31.00725145893391,26.510942426442902,31.622259868886132,5.11131744244323,12.719453783422455,0.24204395461852546,0.003180556496612949,0.24284753484294197,0.23417348132991264,0.2459634674524182,0.24090580709329731,0.2431821021437536,0.240456387596995,0.24454118082257273,0.004084793225577726,1.3140408739502212,0.13306421262785958,0.0004641059715169748,0.13309877032002038,0.13199282452097996,0.13425512267550227,0.1328981344388734,0.13323029081684576,0.13270992994851075,0.13330037669983602,0.0005904467513252742,0.34878346502897745,0.6171850156844629,0.010396017251180665,0.6161942581726791,0.5995812894949238,0.6413719075378116,0.6134648486887624,0.6209051826801635,0.6115548615830527,0.6255279435207496,0.013973081937696863,1.684424765181864,0.4234078906462779,0.0006953136061724302,0.42344669831989856,0.42170518863616874,0.4245900242828225,0.4231590758678058,0.4236567054247499,0.4229535430059209,0.4238682361880035,0.0009146931820825932,0.16421838646207634
5Grocery-rand,biasedMF,sum_0.05,30,100.0,0.19704808294773102,0.23132094658093766,0.09852404147386551,0.15783644300728306,0.45077226310809587,0.3385207482746635,0.14147267024720625,0.6628832613231892,0.43156231474225154,0.09462394303358206,0.003138294949887201,0.0954292376101768,0.08792700323833219,0.0984584215425108,0.09350091860862565,0.09574696745853846,0.09268672222561228,0.09741858308786824,0.0047318608622559655,3.316597099291687,0.14369563271300043,0.000637410492568761,0.14371246891846154,0.14266709251964507,0.1450457829876899,0.14346753829762243,0.14392372712837842,0.1431577264791136,0.14403598839426718,0.0008782619151535831,0.44358376140898065,0.44085385270231703,0.0007992182576598563,0.4409051002923886,0.43919238187075926,0.44235054641203914,0.44056785612183136,0.4411398492828027,0.44046757373459183,0.4412428824032616,0.0007753086686697608,0.18128870889090812,3.608432656689547,0.0959767056531961,3.627682799939066,3.386115400120616,3.8140036000404507,3.5740878336577713,3.6427774797213224,3.5933657501009293,3.6442441250546835,0.050878374953754246,2.6597892986936653,51.979262310975145,1.5926543932526684,51.57058308682437,50.03330148173637,55.377894611816295,51.40933825581227,52.54918636613802,50.561009459955265,52.9623831711175,2.401373711162236,3.064018846062746,0.1582319407698375,0.007856026179486506,0.15747741945613966,0.14148582830201228,0.1734656457148817,0.15542069790594498,0.16104318363373,0.15367554299389524,0.16461882548227857,0.010943282488383332,4.964880125507529,31.596362928389972,3.396158582092667,31.922542344845816,25.01083525776286,38.83570407554625,30.381063187729055,32.81166266905089,28.83531391538744,33.56609279647523,4.73077888108779,10.748574415953268,0.23046157115722418,0.0033611456291714357,0.2308672077779722,0.2234535328966393,0.23464878461107302,0.22925880064085488,0.23166434167359348,0.22792535847782305,0.23343073829449498,0.005505379816671929,1.458440820434403,0.13583762812364214,0.00048768773464888377,0.1358641265165476,0.1347539318836494,0.13693377526138584,0.13566311130909542,0.13601214493818886,0.13555636182089464,0.13604555264622964,0.0004891908253349952,0.35902256347186845,0.5859454901103385,0.007836867254178518,0.5852082623852111,0.5692837207195847,0.6011859908403329,0.5831411031798175,0.5887498770408595,0.581206817594868,0.5917335064348512,0.0105266888399832,1.3374737729789112,0.42771354934050115,0.0005095632084691907,0.4277723343159395,0.4268024337703493,0.4287254099742665,0.4275312044881823,0.42789589419282,0.42726787839218044,0.428055714767528,0.0007878363753475726,0.11913655979683012
5Grocery-rand,biasedMF,max_0.05,30,100.0,0.09046103060245514,0.12980278764851427,0.04523051530122757,0.15783644300728306,0.45077226310809587,0.2429145821349648,0.1524535293640884,0.572851094698663,0.44304830705014875,0.042077688369123165,0.0022219857651595495,0.043065847183549666,0.03810542664404967,0.04494341811103289,0.04128256097478143,0.0428728157634649,0.04020765774575287,0.04392300624278221,0.0037153484970293416,5.280674512504957,0.14752026643320487,0.0005183602602767566,0.14745533382494158,0.14652593045505136,0.14895434928460416,0.14733477359632588,0.14770575927008386,0.14727454411806454,0.14782217828618688,0.0005476341681223407,0.3513824051500496,0.43906856823761153,0.0013325734477165512,0.43909179866746567,0.4364357903614249,0.44184355828009936,0.4385917129535383,0.43954542352168474,0.4382352660937097,0.4399016496742465,0.0016663835805367788,0.3035000781461997,3.02666142671369,0.14978577767640994,2.978026100085117,2.936277800006792,3.6426683000754565,2.9730612745521654,3.0802615788752146,2.9628985999152064,3.006646749970969,0.04374815005576238,4.948877874293505,53.48528743383434,2.4562905710464493,52.39292887032303,50.317371124651864,57.876417734494076,52.6063151415154,54.36425972615327,51.44538377435849,55.55250976251688,4.107125988158387,4.59246026131033,0.06420282225258608,0.008977881593370464,0.06347220514095675,0.04775034859566385,0.07955966240168533,0.06099012858461712,0.06741551592055504,0.056978794685989195,0.07198269296297775,0.015003898276988559,13.983624517392357,50.5381791749825,6.916555303635828,51.101046217258755,38.70727752232834,63.213156311431185,48.06312164642739,53.013236703537615,44.544570831640634,56.10356624984134,11.558995418200709,13.68580233112093,0.1870941086071047,0.002361306155662393,0.18777473526232663,0.18314308744753094,0.19065870076728691,0.18624912605130506,0.18793909116290436,0.1848479407163548,0.18883783200523846,0.003989891288883662,1.262095409225903,0.1450164202379816,0.000476139402891261,0.14500349090147346,0.14401978751115915,0.14631962455396053,0.14484603594088097,0.14518680453508226,0.14477914853753393,0.1452915257685663,0.0005123772310323682,0.3283348203671588,0.4994509811842127,0.00916605856596699,0.499044957253659,0.48393017645538616,0.5162036450608646,0.4961709492514169,0.5027310131170085,0.4919297670047537,0.5072195031946161,0.015289736189862346,1.8352268613496363,0.43524815893162666,0.0011698809434544392,0.4351459715507513,0.4327466645121551,0.4373714366523475,0.4348295224125074,0.43566679545074594,0.4346160973130965,0.43581413291147086,0.0011980355983743363,0.26878481147997607
5Grocery-rand,NCF,0.05_count,30,100.0,0.23504909873008728,0.32206036682592215,0.11752454936504364,0.14507261717762815,0.38864972748782967,0.3601808387183317,0.12513178452403112,0.6833874917989465,0.3613271249730244,0.11411497244080608,0.003178705690628214,0.11521190806624015,0.10653457329903808,0.11751453510729645,0.11297748721799371,0.11525245766361845,0.11203897802435718,0.1168483915093369,0.0048094134849797215,2.785529035006408,0.1280294940267974,0.0007653934360891201,0.12783880002432801,0.12668912083805006,0.1294743970919841,0.12775560150325996,0.12830338655033482,0.1275450226050006,0.12873753380915523,0.001192511204154617,0.5978258696616565,0.3765262418398076,0.0010169908608326974,0.37651663749853737,0.37424978952065585,0.3781514096234861,0.3761623163341079,0.3768901673455073,0.3759586483035659,0.37741913538913696,0.0014604870855710606,0.27009826881213084,3.819795936679778,0.13851539792910203,3.8319560000672936,3.595339999999851,4.076446100138128,3.77022883811483,3.8693630352447257,3.798213300004136,3.8497207000036724,0.051507399999536574,3.62625125072785,51.450580726605075,1.3523581701874121,50.9838971139639,50.004260496126676,54.67560868149748,50.96664557052154,51.93451588268861,50.28766664469673,52.333798074667655,2.0461314299709272,2.628460458733186,0.2404060792755505,0.009977157783460103,0.23973855832019775,0.22212887655366964,0.25830775786954147,0.2368357992153948,0.2439763593357062,0.23281761687943295,0.24920074531840308,0.016383128438970135,4.150127073959893,25.353721215410186,3.0979154255428414,25.560987002856024,19.795235776664132,31.028807194480652,24.245146417665673,26.4622960131547,22.622970415636598,27.70994482370632,5.086974408069722,12.218780033204375,0.23246330618167058,0.0033384747732861882,0.23327631756764128,0.2254295877912617,0.23672082840601427,0.23126864832688993,0.23365796403645123,0.23006656743005455,0.23556596863839238,0.005499401208337834,1.4361297824256027,0.11834833374086452,0.0006812819547545352,0.11843536157934687,0.11707813922109252,0.1197742350062088,0.1181045401243662,0.11859212735736284,0.11775967320763615,0.11896434250272812,0.0012046692950919702,0.5756582566225816,0.5965370150709514,0.00978069171417844,0.5955771734343109,0.5787466091167474,0.613827019917103,0.5930370394907766,0.6000369906511261,0.5885982470420552,0.6044666047582996,0.015868357716244397,1.6395783441896117,0.3561309357954007,0.0008409107839676543,0.35601089791730006,0.3548788641190994,0.3581098127123149,0.3558300197359848,0.35643185185481663,0.35549812061062036,0.3567263034395637,0.001228182828943325,0.23612404861417668
5Grocery-rand,NCF,sum_0.05,30,100.0,0.20346835255622864,0.2743205544195561,0.10173417627811432,0.14507261717762815,0.38864972748782967,0.33164402724263414,0.12817567555719822,0.6401894496309379,0.36586889521138183,0.09840482573283858,0.002959100230843645,0.09930394114365194,0.09113802040230452,0.10171041684563374,0.0973459253145554,0.09946372615112177,0.09625254649297997,0.10081612679092558,0.00456358029794561,3.0070682091113814,0.1296363215776299,0.0006885873620222486,0.12971315486319604,0.12811068328852157,0.13107373182718518,0.12938991375471476,0.12988272940054502,0.1291813433791666,0.13001858919825374,0.0008372458190871457,0.5311685441567416,0.37739629877650305,0.0010333666346124956,0.37747744083047197,0.3755583432681669,0.37930661349859707,0.3770265132754154,0.3777660842775907,0.3766301675332669,0.37817797533855513,0.0015478078052882371,0.27381472419380115,3.7544891099911184,0.14281071169162776,3.8057973500108346,3.5826437999494374,4.129905999870971,3.7033849531364957,3.805593266845741,3.6173423749860376,3.857333199994173,0.2399908250081353,3.8037322125024247,51.63629896416234,1.4543294785983447,51.19440448793666,50.01167721278621,55.20776609368847,51.11587384399996,52.15672408432473,50.451200137837176,52.69409454407388,2.242894406236701,2.816486672694547,0.19903950966564815,0.008318337645365137,0.19978225177436826,0.1818738244051636,0.2159130932078454,0.19606283076836503,0.20201618856293127,0.19368103563607092,0.2041346113875323,0.010453575751461386,4.179239418012283,27.442728421571495,3.0323420944399078,27.171971419679394,21.29168240247143,33.70025633332639,26.35761873900266,28.52783810414033,25.58537517559796,29.396090626206636,3.810715450608676,11.049710684220159,0.21986916094598968,0.0030602933180586514,0.22088780960779267,0.21168018604479888,0.22363483460171094,0.21877404904650607,0.2209642728454733,0.21726497635987355,0.22215405587796708,0.004889079518093531,1.3918701944791634,0.12146433521315111,0.0006293435692887838,0.12154051430589616,0.12033918218110592,0.12293965821671048,0.1212391275091952,0.12168954291710703,0.12093227378006721,0.1217924898682862,0.0008602160882189847,0.5181303369292585,0.5599066580995026,0.00825810953773362,0.5601620902372065,0.5444412830051724,0.5772892968869356,0.5569515315537412,0.5628617846452639,0.5542538819934824,0.5654437469746529,0.011189864981170583,1.4749082580593367,0.3608671484338546,0.0008570661696131004,0.36098090889638323,0.3591614815751774,0.3625674586000088,0.36056045124393177,0.3611738456237774,0.36032699188112927,0.36135102733681634,0.0010240354556870779,0.23750185444497365
5Grocery-rand,NCF,max_0.05,30,100.0,0.08861669898033142,0.1341547311892214,0.04430834949016571,0.14507261717762815,0.38864972748782967,0.22841617185830088,0.13979945109568492,0.5148215388380939,0.3806668076488725,0.04153697003509276,0.0022221103516784847,0.041633285272359266,0.034398555946587556,0.04416617284669744,0.0407417980580378,0.042332142012147723,0.04078630327104931,0.04302214698357756,0.002235843712528246,5.349717010656101,0.13692107070259416,0.0005485200603707885,0.13694820044419043,0.13573776055151224,0.13808504848851186,0.13672478531985882,0.1371173560853295,0.13657751838495563,0.13731414631538694,0.000736627930431305,0.40061040828568106,0.38185657387549626,0.0008007570915373407,0.38175489943555024,0.3801379956215717,0.3832478505746883,0.3815700266303797,0.3821431211206128,0.3813269646990666,0.3825156578464827,0.0011886931474161533,0.20970100983476228,3.1069389700191095,0.19889644559682534,3.0776752999518067,2.9064610998611897,3.847601299872622,3.035764791043269,3.17811314899495,2.9656746999826282,3.1337027500849217,0.1680280501022935,6.401684986931108,53.12737834625057,2.5075526139511073,53.01869088849742,50.16044001311742,61.18276087645472,52.23006216746642,54.024694525034725,51.45142227298901,53.97447237331433,2.523050100325321,4.719887733982409,0.07341158544577013,0.006192050641915755,0.07444414769861527,0.05871930408355225,0.08410143247641366,0.07119578858075962,0.07562738231078064,0.07085026239016533,0.07759383793825622,0.006743575548090894,8.434704964231953,45.27842231503173,4.615603629500063,44.50874222720186,37.31012560578947,56.23016530014856,43.626749768436866,46.9300948616266,42.16093815669285,47.18765282289368,5.0267146662008315,10.19382609532257,0.17598637015846888,0.002419958614692637,0.17617910155640493,0.1682002814612267,0.1792299503400672,0.1751203990897581,0.17685234122717966,0.17536683417335852,0.1776880674267435,0.0023212332533849855,1.3750829751835658,0.1344494001233761,0.0004931646352459741,0.13445553272243005,0.1335134921536998,0.13548180098221346,0.13427292342512126,0.13462587682163096,0.13408189963837108,0.13482334636245255,0.0007414467240814682,0.3668031503252723,0.4508997796400626,0.006230971998211318,0.45169993733423386,0.4357791063279907,0.4617206507284086,0.4486700549465751,0.45312950433355015,0.4480179799547238,0.4551804677419905,0.0071624877872666914,1.381897326094345,0.3774881941942925,0.0007119245765666137,0.37752588051115715,0.37604873301264746,0.3789547822435861,0.377233435256405,0.37774295313218004,0.3770674507974205,0.3779669613372678,0.0008995105398473258,0.18859518986710017
5Health-rand,biasedMF,0.05_count,30,100.0,0.2092568576335907,0.2753574102333669,0.10462842881679535,0.1392131804797608,0.41369590069770473,0.33057374042050147,0.12131686897015129,0.6655038716421215,0.39014646140875464,0.09934709262167364,0.0031151669684007896,0.09903526213765074,0.09433654267641473,0.10439087553804965,0.09823234443860142,0.10046184080474586,0.09663639410957489,0.1018742942597705,0.00523790015019561,3.1356397919602355,0.12221975925054777,0.0005321259858785133,0.1220796427608056,0.1213559028074303,0.12316288521322756,0.12202934041202622,0.12241017808906933,0.12181891912090115,0.12267042504029238,0.0008515059193912322,0.4353845803178739,0.39538103969504274,0.0007741507949048244,0.39550267527358157,0.3935361885953043,0.39704618014764964,0.39510401339089984,0.3956580659991856,0.3949111803127303,0.3957464469662067,0.0008352666534763853,0.19579866437245616,9.624724013358355,0.2771978802307901,9.63997254986316,8.92251419997774,10.238244300009683,9.525530025853609,9.723918000863101,9.48655447497731,9.791786275047343,0.3052318000700325,2.880060559098229,52.52385334217784,1.4886809462920716,52.672871389925135,50.113522338733404,54.91830292051969,51.99113570717247,53.056570977183206,51.31615020323365,53.81924625916659,2.503096055932943,2.834294994683163,0.18541617737915317,0.004807033655585861,0.18568120505306843,0.17281604602899847,0.19374014779313203,0.18369600247749057,0.18713635228081577,0.18142425547898816,0.18921042961911616,0.007786174140127999,2.592564318568639,32.66345103187455,1.745743341903119,32.56720242404133,29.640481573044937,37.23936977670733,32.03874479999769,33.288157263751415,31.28551381320761,34.11317482786096,2.827661014653348,5.344638385575178,0.2130703733345819,0.003242033997993339,0.2128881957102388,0.208295542550268,0.21830206609807906,0.21191022636802082,0.21423052030114298,0.21011981111369285,0.21548852744791136,0.00536871633421851,1.5215789728318594,0.11372328071290823,0.00039572144406574113,0.11365523782566933,0.11297476600376288,0.11468841731035168,0.1135816736127914,0.11386488781302506,0.11349289440019894,0.11393488532105303,0.00044199092085409064,0.3479687198479005,0.5649398373556731,0.0048012099850022584,0.5652639104981829,0.5535668314077494,0.5742170558648282,0.5632217464277647,0.5666579282835815,0.5614269518037242,0.56852322393853,0.007096272134805903,0.8498621742583056,0.3795236599765198,0.0006897612837373898,0.37938686974872754,0.37812606400162746,0.3813720503821073,0.379276832071114,0.37977048788192563,0.37916892680632014,0.379900270803157,0.0007313439968368862,0.18174394813226233
5Health-rand,biasedMF,sum_0.05,30,100.0,0.20729757845401764,0.28571462502188016,0.10364878922700882,0.1392131804797608,0.41369590069770473,0.3304162595766347,0.12311864520224616,0.6772277132178862,0.39151308819600605,0.10030658937022205,0.0034647434846451766,0.10172838943369178,0.09263287533249415,0.10362157977194578,0.09906674683738269,0.10154643190306141,0.09756521587112567,0.10313209621727315,0.005566880346147482,3.4541534174361557,0.12319443713152177,0.0005300285731394657,0.12321655603244125,0.12205714737672672,0.12421419686919988,0.12300476884250967,0.12338410542053387,0.12290220661255488,0.12356207751275014,0.0006598709001952585,0.43023742425448136,0.39582116785287363,0.0008715366876542779,0.39592870361528537,0.3938159933100186,0.39770366708980004,0.3955092924545729,0.3961330432511744,0.3953042142332403,0.396327658579105,0.0010234443458647102,0.22018445662770297,9.337627276685089,0.2539102826137662,9.454360300092958,8.949152400018647,9.818541900021955,9.246766648963309,9.428487904406868,9.083403300202917,9.505388924968429,0.4219856247655116,2.71921629649696,51.61227153819751,1.6713863762830785,50.926397600801224,50.013125794939796,55.31405816540119,51.01417360474077,52.21036947165425,50.24925183091334,52.93470546122785,2.6854536303145125,3.2383507380528855,0.18895966638662956,0.006098186341853182,0.18812063113614838,0.17304377995397957,0.2021311866051908,0.18677745843001833,0.1911418743432408,0.18620776552349055,0.19335017677567254,0.007142411252181985,3.2272423308452023,33.86419530601244,2.1343626849294735,34.15785729493476,29.254168704275642,39.4347489419809,33.100423428236105,34.627967183788776,32.327518494768796,34.82735946427991,2.499840969511112,6.302711951789762,0.21571324782393156,0.0036108614727346985,0.21697448924827953,0.20820431756114913,0.21979062293214363,0.21442111764057806,0.21700537800728506,0.21295223453931744,0.21854220184691905,0.005589967307601612,1.6739173459026209,0.11540665845370948,0.00037295871335709155,0.11536274153293358,0.11461156571208028,0.11616904316019785,0.11527319689216461,0.11554012001525435,0.1151550223370444,0.11563224699616,0.00047722465911559375,0.32316914669762165,0.5701100526877462,0.006123665365101635,0.5694675423689826,0.5546700450621557,0.5828699536620497,0.567918727179761,0.5723013781957313,0.5668166173167595,0.5746487108776049,0.007832093560845466,1.0741198714585052,0.3811503863011168,0.0007444905994022865,0.3810835309880525,0.37936121939267897,0.382737010777633,0.38088397376162325,0.38141679884061036,0.3807675236940474,0.3816156359790838,0.0008481122850363954,0.1953272582581415
5Health-rand,biasedMF,max_0.05,30,100.0,0.08808045089244843,0.12526969884809408,0.04404022544622421,0.1392131804797608,0.41369590069770473,0.22213840045838035,0.13405797142247539,0.5316337609844556,0.4063640621363615,0.040498342587107244,0.0026009186126593467,0.041174804419519345,0.03362945584526045,0.0439907774903982,0.03956761581477338,0.04142906935944111,0.03902946604837661,0.04206137979171063,0.0030319137433340235,6.422284089935464,0.12910590450739323,0.0004611024052114231,0.1291370328806401,0.12829677855930424,0.13034329739136097,0.12894090113080584,0.12927090788398063,0.12879247376096523,0.12935036915311,0.0005578953921447638,0.35715051683404464,0.4006648256468769,0.0008797079578562869,0.40078067967759834,0.3988044608044296,0.4025845275498581,0.40035002619708754,0.40097962509666624,0.4001126802499928,0.40134383162327714,0.0012311513732843338,0.21956206323726837,7.921036133317587,0.25642523346872603,7.969573250040412,7.298679200001061,8.317335800034925,7.829275541990478,8.012796724644696,7.8526295750634745,8.073932549974415,0.22130297491094097,3.2372688263615688,54.02119065380561,2.952889757382403,53.253186147064255,50.0561395353055,61.81961433607549,52.96451262490867,55.07786868270255,52.24663433765782,55.68884394559474,3.442209607936924,5.466169334004454,0.05547129938218734,0.006982149295168653,0.05550551862332645,0.040026187492459675,0.07145316490440773,0.052972769345216664,0.057969829419158014,0.05232921512587413,0.05940633477802987,0.007077119652155739,12.586958252163688,55.71850184660093,5.573693686000971,55.69118539142163,42.96053589858626,68.04798936972246,53.72398117644232,57.71302251675954,52.57725106366877,58.22675746244895,5.649506398780183,10.00330859818513,0.16723394276247916,0.002803271725745566,0.16766944754447483,0.1599579552162969,0.17140194431204456,0.1662308048585944,0.16823708066636392,0.16571589759708633,0.1691974422398369,0.003481544642750578,1.676257630143318,0.12673560017537192,0.00036501538230671965,0.12672246707761461,0.12608959992657,0.12779080601973766,0.12660498109833776,0.12686621925240607,0.12646714291616656,0.12689645550618284,0.0004293125900162731,0.2880132983957351,0.45288947707191274,0.007072010018980138,0.453246311181454,0.43671558335494587,0.4691110245756903,0.45035879078790475,0.4554201633559207,0.44908315053869413,0.4566089964018111,0.007525845863116942,1.5615310968811045,0.3974181776897254,0.0007523991493054666,0.3975044126190683,0.3957459123567316,0.3992224068941625,0.39714893511199484,0.397687420267456,0.3971017061684909,0.39794098752049956,0.0008392813520086695,0.18932177528449237
5Health-rand,NCF,0.05_count,30,100.0,0.21480430662631989,0.30805670138960695,0.10740215331315994,0.12201065692804258,0.33546682264192407,0.3184441920247041,0.10363991357260766,0.617177537625062,0.30912083623545505,0.10280154276531067,0.0026249316852819853,0.10260889132099821,0.09686846800100714,0.10728297291243444,0.1018622230252972,0.10374086250532415,0.10078519113860748,0.10491967076521491,0.004134479626607429,2.553397171552703,0.10446769031108445,0.00044477624622993745,0.10452263463161805,0.10345063161386181,0.10549066998057413,0.10430852917545741,0.1046268514467115,0.10423779477582318,0.10472559867225183,0.0004878038964286485,0.42575483855867813,0.3177134987426262,0.0008181973792054346,0.3178843962837711,0.31580345305116125,0.3188677182933037,0.317420710570719,0.3180062869145334,0.31749723413936776,0.3182806500268585,0.0007834158874907571,0.25752679141538176,10.544748650025577,1.0462158884716384,10.37966245005373,9.783490200061351,16.049402100034058,10.170365102496577,10.919132197554577,10.35562257503625,10.40465537487762,0.049032799841370434,9.921676876281929,52.14176830069456,1.222010734565204,52.23145525685397,50.055483245469944,54.90385201190473,51.704477375402476,52.57905922598664,51.155694961118094,53.080460666025445,1.924765704907351,2.3436311701552444,0.2233677303703234,0.0057943000724327825,0.22394772849117986,0.2129787226178953,0.23718568000122253,0.2212942667186349,0.2254411940220119,0.21960735247089183,0.22773532718987902,0.008127974718987185,2.5940631902497104,27.491358128961895,1.880919988526589,27.303081711588018,23.00583661017394,30.863791744450374,26.818279555330694,28.164436702593097,26.073568222151252,28.71203532327999,2.6384671011287395,6.841859102424834,0.19847731900329882,0.0026957712192846274,0.19818684432345993,0.19214575292539698,0.20359846269648407,0.19751264966160423,0.1994419883449934,0.19658581162273048,0.20072264805382053,0.004136836431090057,1.3582263368036636,0.09567577623798809,0.0003549184065702503,0.09570909819123447,0.09486838793288176,0.09631548978404963,0.09554877031731791,0.09580278215865827,0.09543079763783249,0.09589339720148313,0.00046259956365063415,0.37095952656543996,0.5219781121820906,0.00576057375663751,0.5211007105914556,0.5105675596401014,0.5355077297247156,0.5199167173375112,0.5240395070266699,0.518793346512815,0.5261564687333793,0.007363122220564344,1.1036044658186646,0.2986103818117671,0.0007070839299607613,0.2985995891825796,0.2970293256762658,0.3000524331114263,0.298357355077021,0.29886340854651317,0.29824090027414335,0.2991504941939953,0.0009095939198519587,0.2367914757921849
5Health-rand,NCF,sum_0.05,30,100.0,0.21573619544506073,0.30567428669114494,0.10786809772253036,0.12201065692804258,0.33546682264192407,0.3209971299760196,0.10526095380952599,0.6174086336582907,0.31173434696714575,0.1033205240575042,0.00319005674836917,0.10387496635747619,0.09784073340696947,0.10785061029429574,0.102178976910846,0.10446207120416241,0.10012375237090038,0.10589777712612618,0.005774024755225801,3.087534425003214,0.1051826348892872,0.0006248729827230328,0.10521100498968886,0.10400859758993833,0.10638113734348496,0.10495902696418807,0.10540624281438632,0.10471773264802542,0.10556807247579508,0.0008503398277696639,0.5940837890025854,0.3185207751048163,0.001101696528913661,0.3186572110886208,0.315873469605939,0.32074050440992424,0.318126538065081,0.3189150121445516,0.3178479760168011,0.3191073279885902,0.0012593519717891133,0.3458790179545191,10.247001016628928,0.21346241515151798,10.331724200048484,9.745783800026402,10.429706800030544,10.170614472389689,10.323387560868168,10.269041699997615,10.369667174934875,0.10062547493726015,2.083169649394093,52.10793263302181,1.4786840668011807,51.85093250430991,50.00810593150516,54.64797494684402,51.578792335398965,52.637072930644656,50.91330089155389,53.58972926895902,2.6764283774051307,2.837733128303213,0.22290271002434361,0.005636808639290504,0.22251948226153762,0.21400026709747028,0.23400771316183255,0.22088560395821175,0.22491981609047548,0.2187259085787595,0.22650637757860806,0.00778046899984855,2.528820146993681,27.078357673713718,1.8440571826657992,27.20372895271607,23.445404683883243,29.990752766948507,26.41847028574707,27.738245061680367,25.89943366500061,28.444779917075127,2.5453462520745163,6.810077645351126,0.2004813791286622,0.0034657047796586037,0.2009977766370145,0.1948779816516721,0.2056029902619458,0.19924119260082018,0.20172156565650423,0.19691609186412826,0.2033349105905835,0.00641881872645525,1.728691609525706,0.097160855071158,0.00044988398072768807,0.09720510807651567,0.0962263406877685,0.09803748810823609,0.09699986615621488,0.09732184398610112,0.09690366335243002,0.09741640278756801,0.0005127394351379932,0.46303007563921206,0.5241173741024251,0.0060652701620448,0.52390438799641,0.5141673777398206,0.5361996300078039,0.5219469450494834,0.5262878031553668,0.5198288481330617,0.5282307740467755,0.008401925913713804,1.157235089264471,0.30121466407808145,0.0008283753570769855,0.3012806747507057,0.29891081188566654,0.30285598696895477,0.3009182337635685,0.3015110943925944,0.3007251350770273,0.30167789322005945,0.0009527581430321397,0.2750116298661517
5Health-rand,NCF,max_0.05,30,100.0,0.09477066993713379,0.13766301445936513,0.047385334968566895,0.12201065692804258,0.33546682264192407,0.21123452522628175,0.11646388003561206,0.46507263725834974,0.3274096227989846,0.04438254543924481,0.0018055261337443468,0.044543049419229035,0.04113587908025777,0.04698177234540958,0.043736446210055124,0.045028644668434495,0.04318240834525765,0.04555357310289389,0.0023711647576362405,4.068099555524431,0.11117699624651078,0.00041860404073544073,0.1113088980531958,0.11043236381927175,0.11214641872296364,0.11102720071433869,0.11132679177868288,0.11085902034900655,0.11146883504218437,0.0006098146931778209,0.37652037280021255,0.3231404787907432,0.0008752879742557375,0.3232910894851547,0.32122925554161963,0.3249117961089005,0.3228272610117721,0.3234536965697143,0.3226719143713149,0.32372535675620295,0.0010534423848880259,0.27086918281833383,8.724594756681473,0.17397799746783002,8.668867400032468,8.589621999999508,9.247692300006747,8.662337529849305,8.78685198351364,8.637372249970213,8.72421509999549,0.08684285002527758,1.994109781827908,53.168479795820794,1.905152865271549,52.99911940183951,50.4258307168505,56.594293247536086,52.48672959861497,53.850229993026616,51.93283625291254,54.434838991955274,2.5020027390427373,3.583237422976498,0.07792515339715038,0.005828045182486712,0.07875593353099039,0.06625842753783201,0.08866510796559096,0.07583961421291362,0.08001069258138714,0.07339996240495265,0.08182270012970654,0.008422737724753881,7.47902946405985,43.394270637483345,4.2335591773685985,42.79078237514747,35.59264388201901,51.86911473786597,41.87931094229785,44.90923033266884,40.56304777935931,46.68142151818229,6.1183737388229815,9.756032571064143,0.15296190106640178,0.001759030395977551,0.1528932221405771,0.15013289458520915,0.1563784217839429,0.15233244012328853,0.15359136200951504,0.15144241181696838,0.1544262392919396,0.0029838274749712235,1.1499794286774354,0.10857935562715701,0.0004296100752527453,0.1086141103261561,0.10777172425382021,0.10939664943853332,0.10842562163611402,0.1087330896182,0.10823704451316735,0.10894049763183793,0.00070345311867058,0.39566460195983577,0.3965047954506022,0.005719244589759223,0.3966462884328747,0.38649222404058275,0.40753881314631024,0.3944581900584512,0.3985514008427532,0.39238939967535436,0.40074174140009144,0.008352341724737089,1.4424149859927091,0.3185796420534518,0.0008765122191509568,0.31865518622194944,0.3162309954778611,0.32023379650275074,0.3182659861840713,0.3188932979228323,0.31806364202822957,0.3190923714748978,0.0010287294466682084,0.27513127125803416
